year,co2_on_p05_ppm,co2_on_p50_ppm,co2_on_p95_ppm,co2_off_p05_ppm,co2_off_p50_ppm,co2_off_p95_ppm,tas_on_p50_c,tas_off_p50_c
2026,423.5015269619206,424.95432846628904,426.32279542850097,423.5015269619206,424.95432846628904,426.32279542850097,1.418041717312451,1.418041717312451
2027,425.49041045991476,427.2904353896449,428.8749995497155,425.49041045991476,427.2904353896449,428.8749995497155,1.4388117390799384,1.4388117390799384
2028,427.2242979442757,429.4160328675757,431.21491132155165,427.32565497455005,429.5214798419636,431.3211778219385,1.461399447368212,1.4615445470765724
2029,428.7622834001792,431.32018311153274,433.3782470870998,429.05267189663505,431.6206192404294,433.6868525391878,1.4823276602293243,1.4830405257101011
2030,429.8891554268182,432.86418875476886,435.21746855957076,430.4501921735281,433.44808945670184,435.8165766544252,1.4994159994856238,1.5008336791008599
2031,430.7376124163375,434.10814080086806,436.6363000102341,431.6411479802275,435.05763800119377,437.60815901473336,1.520312932066729,1.5216051582994354
2032,431.2281336337577,434.9978544833465,437.69179905952365,432.54137022284516,436.385155366971,439.13102737918155,1.5258914700314634,1.5293270768899054
2033,431.4085881028941,435.49192537517297,438.4147416526776,433.19661122897435,437.390739171012,440.3816331388697,1.53270616963478,1.5387869705452901
2034,431.1887447331294,435.5730564640198,438.7403784400311,433.5196110613853,438.0764102521391,441.32618222716144,1.5608361203059384,1.5682781215845352
2035,430.6609040518587,435.3780330932249,438.6856555048744,433.60793854951623,438.4793914443802,441.9462880511736,1.582357815583918,1.5931734452919648
2036,429.86019475196906,434.84240514161803,438.357637321683,433.4807591093577,438.7267314181833,442.3771385123556,1.596301730923325,1.6095644552610102
2037,428.7739439200937,434.00094666893256,437.6457814669205,433.1124161269173,438.67387978261115,442.520980823943,1.6164329265295925,1.6335696349134745
2038,427.36411901453585,432.83014574537543,436.61592228746576,432.471353236318,438.3496113391039,442.3922111095342,1.6315844440663705,1.6521471528682712
2039,425.72005503276137,431.34475655586846,435.2365966428565,431.65378833437705,437.8117137895329,441.98909882355315,1.638721735889319,1.6609406995600522
2040,423.88684527055455,429.65532755681954,433.63611244312926,430.6712900065335,437.1243575736329,441.4589244798916,1.6371803915418899,1.6664157186020259
2041,421.91392873455186,427.77932192916313,431.8655023581187,429.59994676955546,436.3218926261155,440.8430888221692,1.6342795072483456,1.6676563013774175
2042,419.82133330716795,425.7985784969926,429.98880563308614,428.5348564506397,435.4343201311706,440.1718915764108,1.6274670825461526,1.6668679892526694
2043,417.67533825760637,423.7098143103413,427.9665182810514,427.4262927447927,434.5214296353769,439.45818724738746,1.6138510680695322,1.657446096799922
2044,415.5136269344388,421.5911651990637,425.89203485299515,426.3644173702066,433.6053234841686,438.70599699605583,1.626630481761692,1.6783607537720673
2045,413.45751957988614,419.5242997546436,423.83305214655263,425.32805388502857,432.73860293511365,437.92748986837466,1.627749280735828,1.689832751817638
2046,411.4814748780581,417.53831947187575,421.83441958577754,424.31465228259844,431.89265617386724,437.1828627894322,1.6452627316272816,1.7073494154527178
2047,409.5897162363067,415.6373187856733,419.8694064368061,423.3340679177062,431.08962521906926,436.4688231304468,1.643732255875141,1.714218578349274
2048,407.76838870309405,413.7778641844761,418.0188816311401,422.4256001565121,430.3213240885608,435.83144725426837,1.6621235635717289,1.7330113727183716
2049,406.00830476270716,411.979850399778,416.2219290762356,421.5862080156366,429.6051599345353,435.2012816251316,1.6650059387085867,1.7461993126594744
2050,404.3121729912808,410.23648256218377,414.45682064118785,420.78180105709237,428.92129324054696,434.5910196714965,1.664820952843025,1.7524289225630139
2051,402.6756680264881,408.53863404149064,412.75940762260313,420.00610669786795,428.26511584561763,434.02864414854434,1.6695039495554145,1.7644480663018807
2052,401.0921733705324,406.88430793220033,411.09902719764705,419.26505807338754,427.6598356523066,433.53488897109094,1.6529015792525132,1.7534802158472171
2053,399.55802486279924,405.3032435615028,409.5118222742426,418.5587641085963,427.0734890341156,433.04756952496524,1.6516036507530931,1.7565131610699867
2054,398.06851269869406,403.75459919260106,407.94413219790147,417.8819579965125,426.51916840041883,432.5771629495577,1.6441477356402894,1.758685506734399
2055,396.61910170677527,402.2464798368389,406.38529983531237,417.2335797397958,425.97502555156217,432.1111828947783,1.6413975488637036,1.758003891016797
2056,395.2065413548808,400.7803925175034,404.8632900335806,416.60789935066094,425.46614541232987,431.6384825404319,1.634200194916776,1.7613015071575986
2057,393.82695601956254,399.3432294167048,403.3604219163184,416.00335351884087,424.97309676290433,431.1895137655771,1.6593339665020026,1.790319239649377
2058,392.4836962580536,397.93604241119243,401.8798018801128,415.4202346278112,424.4838307047073,430.78169172477305,1.6479353680632047,1.7931763100035059
2059,391.1710163062512,396.5494862075801,400.4445528498404,414.8560752440786,424.02485366307144,430.4044554214779,1.6383776145437985,1.785986368095751
2060,389.8831791458407,395.1944846615793,399.02290989408016,414.309558343302,423.58749288921496,430.0226567760542,1.640600579495743,1.788283578031349
2061,388.61226346741864,393.88413474850427,397.63617691633624,413.7770650853332,423.17150638412306,429.6720273039135,1.6349396693185456,1.7961032869194782
2062,387.36760509957776,392.61469815942473,396.27519955022706,413.2585076089034,422.7574206899334,429.33882401460517,1.6284659034259525,1.796298814465049
2063,386.13833348965863,391.3446889834331,394.94133671403694,412.75377093844406,422.3702382616391,429.0255137222123,1.6322210001412716,1.8020512838266987
2064,384.93167782182576,390.11180502822367,393.6107607617332,412.25911450277,422.0200579415259,428.7055507056655,1.621348774743478,1.8000266441497281
2065,383.72439454676294,388.87630999250973,392.32567434952966,411.778210579182,421.6694745679647,428.370807640704,1.6312175655417593,1.8139228067830009
2066,382.5341359971878,387.66719144230717,391.0884025010064,411.308949175101,421.32246412811367,428.07011983055077,1.608671469366462,1.7965801214005375
2067,381.3553424559382,386.471679704188,389.87437257904475,410.8501999438745,420.9773511936516,427.7514161613524,1.6162239745688676,1.8134313548826722
2068,380.1994316779021,385.2990773095997,388.6731887538563,410.4033985391293,420.6615756321925,427.4966578347956,1.6054374454579314,1.8061359100576595
2069,379.06100225757876,384.1513233445322,387.48447775259353,409.96030722484556,420.35462492997226,427.24135664341634,1.6038459742724485,1.8138826438745839
2070,377.9388452237219,383.005141989489,386.2746290013266,409.52750042360867,420.05176096566663,426.9705185900283,1.618897378797833,1.829004679298307
2071,376.8294528114221,381.88758935964506,385.093051958086,409.1014652010274,419.7545657464724,426.72398320326295,1.6167009818494489,1.8364897894347572
2072,375.7314457038905,380.79312032615286,383.90546540158203,408.6820404503222,419.45923119916176,426.50775352949984,1.6097038448177765,1.8335308964339656
2073,374.6437435923698,379.6927647632014,382.7390916967306,408.26438520067586,419.1858811693395,426.29150957869535,1.611090264224374,1.8482780821690634
2074,373.5674419944378,378.61133067629123,381.6288630775761,407.8661827220073,418.91240709664226,426.0734856737745,1.5981683025349303,1.8365079018510035
2075,372.50275245900775,377.5376584582351,380.57120352141953,407.46185998403246,418.65287552721645,425.87660722589857,1.5972885054118042,1.8423351915526645
2076,371.44888445634115,376.5064825939023,379.4564132502357,407.0544532212458,418.4002895730477,425.6890131083022,1.600223092769705,1.8578771301822081
2077,370.40487716919625,375.4632157099621,378.3510814660069,406.65546499586276,418.1567432248961,425.4825102928062,1.5848700940207447,1.848441558435093
2078,369.37012174435915,374.43575689500085,377.2856596109225,406.2709995141534,417.91970500573086,425.2806542654893,1.5776007646238084,1.8460038862856167
2079,368.34487686447005,373.43703329766106,376.2764754197676,405.9121614557833,417.688049741236,425.0906445574061,1.5803209789754984,1.850270921745695
2080,367.3301352979305,372.3991638632354,375.22545769275007,405.55828707893284,417.47676193531566,424.9394263123046,1.5807998849049425,1.859807548009887
2081,366.32726480645647,371.40526603606384,374.18641525996753,405.2091481622184,417.2578493853617,424.7772199741582,1.5866632847653874,1.8742428974127998
2082,365.3510044323028,370.42181771991784,373.16392179509626,404.8649968469888,417.04959762701577,424.62636265610286,1.5840908702702956,1.8751961213552255
2083,364.36893399478316,369.4439618392154,372.14283604776193,404.52543094550185,416.8461261443457,424.4868752047617,1.5799391744121785,1.869914549926755
2084,363.38031108687187,368.4625182049772,371.1619025514036,404.1903333129762,416.64410841190966,424.3442100976985,1.575386492528476,1.8764168553634022
2085,362.42342786636414,367.49171760691877,370.1264938756187,403.859660274271,416.44132881429096,424.19842868893966,1.5643946140600498,1.8796347184612425
2086,361.46521087581806,366.53040513345206,369.1611311864266,403.5293280495425,416.2382701731647,424.07738959653284,1.5578225875431781,1.871826728828757
2087,360.5063316894191,365.58099573094046,368.2231821734405,403.20384783677736,416.0487532227427,423.94570788662065,1.552475855364848,1.8768018099219508
2088,359.5586914799347,364.6353045137353,367.2549547558493,402.8877806480457,415.8393702430201,423.8128250924055,1.5562644142877171,1.8851154156630026
2089,358.61825317481095,363.7002816304295,366.3263829816929,402.575522285738,415.6687220554598,423.69621719571677,1.5569321342639957,1.8912304846123122
2090,357.683277952832,362.77216868852986,365.40845531758987,402.23773303940726,415.4853496363639,423.57090146868285,1.5454286131764365,1.889509129019534
2091,356.75811412980687,361.84675838354826,364.4637543455929,401.92130799128654,415.3217725161259,423.44672166177156,1.547215704318033,1.9002526839353735
2092,355.83959937428506,360.93105764402065,363.5425968848482,401.60851304684365,415.1509560409409,423.33417884569616,1.5590443820853013,1.9107670465140631
2093,354.9307163573641,360.0260321339677,362.6283374652203,401.303630305112,414.9815929484479,423.2245887979301,1.56559601844547,1.9188467974457974
2094,354.032468875517,359.12832422499355,361.70723032810736,400.9984570125756,414.81507697067167,423.12025838574937,1.567876830753401,1.937295122674775
2095,353.1381866107706,358.2262956841787,360.8085707292873,400.6991235784109,414.66314227730163,423.0173202332701,1.5657364371386708,1.9366332060153186
2096,352.249883510602,357.32862503140575,359.8743258826051,400.40150869297423,414.50833095090184,422.91968172093937,1.566750310849376,1.9364722045503546
2097,351.3712679404987,356.43715435255547,358.98468621775953,400.1106204982166,414.36795409258696,422.8336601244845,1.5592072305200935,1.942050164741546
2098,350.4972492462215,355.5446643612121,358.0724484832068,399.81160734837476,414.2215334652965,422.74852696392963,1.5460522067652935,1.9410347147500306
2099,349.6224549103414,354.66863836261075,357.18422630562475,399.52634627887755,414.07747728373363,422.6602041905782,1.5243613224660029,1.928392958249536
2100,348.7602280472439,353.79757260164183,356.3455691518382,399.2169644074544,413.9327699071122,422.57680296072476,1.538508412530982,1.9339520645179105
2101,347.89521322136466,352.921426913506,355.4715321170532,398.9262856277455,413.7798533721013,422.49668417725445,1.536351122898738,1.9454875466311672
2102,347.03258324197014,352.06798517787956,354.6162329029703,398.62378259384866,413.63494847615823,422.42203282020637,1.531933358476127,1.9514875566157335
2103,346.17711089604967,351.1946385594372,353.77219684570815,398.3301136274316,413.50283817991544,422.3459527015009,1.5333716665399073,1.960025394071116
2104,345.3330778526996,350.3355384096521,352.8946004443205,398.0411564443337,413.3774858467972,422.2772142093877,1.5411993223240286,1.9653764914329408
2105,344.5021001403879,349.48378952677666,352.0478038501905,397.77528237298446,413.24249184295064,422.20426489898296,1.542589162161556,1.9742473783016006
2106,343.69423996852527,348.6552659245392,351.2057209428724,397.5159986151948,413.10801369188425,422.13692928279636,1.5303498132773155,1.9601499114014145
2107,342.8467637986843,347.83320827956925,350.3717702258806,397.2669497286566,412.9684404172661,422.06695158302534,1.5285622022835095,1.974006564582363
2108,342.02539468140645,347.02089141645916,349.5766993532071,397.0285308441838,412.8483375117548,422.00038766027126,1.5082734527584991,1.9628462790040457
2109,341.23367106222827,346.19395093806236,348.7515810814238,396.7777804484201,412.7232631807922,421.94153761309366,1.50331163340197,1.9587536809502375
2110,340.4566903365078,345.36222769420567,347.90142758086347,396.5348435927573,412.6003719350496,421.8867492726023,1.5053301740022123,1.9635521668317446
2111,339.6939110161577,344.5359334938229,347.10029357003776,396.2888650697288,412.4858022538008,421.8253471734872,1.5070920748429102,1.9688039287156007
2112,338.92977284459784,343.7200931959244,346.27360666389234,396.0390674022682,412.3643920256045,421.76365584254165,1.499418822064934,1.9723083348020845
2113,338.16840305555405,342.92032016491413,345.464017674459,395.79305125293195,412.24680043165654,421.7110037380925,1.4995923543872445,1.9793665405630414
2114,337.38957467798576,342.111342955904,344.6740711475131,395.55298173316186,412.14029639332296,421.66261855629364,1.4913531251082404,1.9893751919785794
2115,336.60133327384546,341.2949734558657,343.8755229739167,395.3363346064166,412.01922654299847,421.6101109296195,1.496089972358969,1.993364750509017
2116,335.8165199847228,340.50201088711805,343.07047498163854,395.119027773786,411.9139223608032,421.53956570098956,1.4803341459004207,1.9934778008442315
2117,335.0417361617713,339.72150961948483,342.27499785747796,394.9067660261619,411.8003550787112,421.4780660034858,1.471446881923218,1.98891356466154
2118,334.27246804106056,338.9234936751794,341.4989621487432,394.7060556148149,411.6870569668438,421.41494165708536,1.4720376711831138,1.9830479875606875
2119,333.54027659661546,338.13814810374447,340.7262602655186,394.511609763871,411.5753768897443,421.35766672820387,1.4485023504820884,1.9753173344497013
2120,332.83595349874844,337.3559786540178,339.95066113712227,394.31600874182345,411.47464772843523,421.31397972193474,1.4384565944217984,1.9620501875431597
2121,332.0841661371722,336.5758836900945,339.1874401308854,394.12459967570874,411.3679524671316,421.2821672615935,1.459685157408357,2.0048909423648964
2122,331.31453442696267,335.8141633999215,338.4111178042111,393.93477173281246,411.2593738678531,421.2249096831976,1.4408164233724186,1.9781002239736427
2123,330.5430186546077,335.0321679386846,337.6413945922694,393.74526223116044,411.1493771662582,421.16611042330305,1.4445371479015807,1.994628157807068
2124,329.8289073135671,334.26597808027714,336.8786331843907,393.56504904405506,411.0397142994551,421.1202523911343,1.4422618938312246,1.9996844490325905
2125,329.08900348402534,333.5089023615733,336.0971179512058,393.3802773482438,410.9334728407606,421.07739477850197,1.4478871070256676,1.9971038869501
2126,328.3860570810448,332.7493794235512,335.370255461381,393.18902652363346,410.8258401119201,421.0545032291476,1.4220007688727447,1.9960597994997644
2127,327.65812740162596,331.9961437209261,334.56513735901694,393.00382005859086,410.7206408881565,421.0606865529995,1.4150957512961462,1.9806421816384399
2128,326.91840951857375,331.24172736522786,333.85284556353383,392.82111112395614,410.61832610174713,421.053228891801,1.411818421022885,1.9902419905347895
2129,326.19267371796406,330.490961165181,333.132066318619,392.6396669591619,410.51563144454167,421.0672613400987,1.4029449725458862,1.9935653777964717
2130,325.4671432469831,329.74220366136643,332.3929470551303,392.45889836528306,410.4151078377747,421.0830625837399,1.3976592862654664,1.9842272144181186
2131,324.7513851663652,328.99506609094794,331.65884226808987,392.28558475673253,410.316289824383,421.09446041962934,1.3906528930354027,1.9878578129414264
2132,324.06388815149234,328.25666767408546,330.9156608584794,392.1203729073916,410.2145286389306,421.0997654658862,1.3920512795622935,1.9940015853731217
2133,323.4062300076596,327.5360921759892,330.2082191411208,391.97325963044455,410.11423874593265,421.07196326641065,1.4073095485349112,2.0188761670595876
2134,322.704898556614,326.8225786129552,329.4553224012852,391.847540920431,410.01797582975445,421.0590001220356,1.3977660158486147,2.011363212418031
2135,322.0970174991026,326.08065099936607,328.74117345538843,391.72529680686296,409.9214834635797,421.05171109733874,1.4003069669295494,2.0229546524519497
2136,321.47646080923204,325.37731756317453,328.0481807707886,391.6064514737244,409.83076395431465,421.046596282868,1.3844035359245612,2.016040243579675
2137,320.7778230016438,324.6538632860047,327.3377584265909,391.46482695679134,409.74116171485616,421.04879295309684,1.3802280036443932,2.0252059744753863
2138,320.0832251017782,323.9428422026162,326.63001005449615,391.3235780697203,409.653260443804,421.0340497153795,1.3647454129878647,1.996940752474061
2139,319.4156643667563,323.23800539570215,325.93680960042224,391.1805922092144,409.5667026695111,421.0306391017016,1.3649788162362868,2.008927010227551
2140,318.83051724318904,322.53232577448034,325.2511397155954,391.04072001136296,409.4809935101456,421.02280933258345,1.3396661549662416,2.000140550301356
2141,318.1935971393202,321.83869787813956,324.53305314923665,390.89954870218526,409.3981472691517,421.0111691791144,1.3305548464821126,1.9893062236408243
2142,317.57517744634856,321.1399807413744,323.80026232853663,390.76215817218963,409.31572685773597,421.0020052124497,1.3377212484765155,1.994688217438866
2143,316.91963038765346,320.45198606793633,323.0931496639546,390.6338951672287,409.2373463209866,421.01111268367174,1.3166991753626023,1.997431490821685
2144,316.2775714150205,319.7635784409158,322.42483218458034,390.51169547349133,409.1641307643722,421.00889158089973,1.3178432538674423,2.004617214895984
2145,315.64620285017463,319.0638488247669,321.7577832852923,390.3949131905131,409.10322495092396,421.00801134413234,1.3257474850429767,2.0244561068024556
2146,314.9927195962695,318.38381900747527,321.07068584771963,390.27688937703033,409.02894890913575,421.0138593888248,1.32454802160015,2.031565322084124
2147,314.389218003362,317.70910934547896,320.4039599538471,390.1482936091668,408.9541795067315,421.0207850601416,1.305765971119425,2.0131929034398452
2148,313.73734975378625,317.03256645606484,319.7216691524449,390.0225046289774,408.888201411391,421.02186645758627,1.2955224761157094,2.016223594912409
2149,313.07290294850645,316.3604132387955,319.0476314525864,389.89927530261934,408.83679852497744,421.0260851480155,1.2976693290970491,2.0078427221358557
2150,312.4284806610659,315.680385445181,318.3727757515094,389.7784032116224,408.7754595636475,421.0303809031897,1.2800675168108073,2.006126702072736
2151,311.82466802636276,315.0209026776864,317.7270795023859,389.6600506904305,408.7083739108648,421.0415165041372,1.256280785757974,1.9950763314957827
2152,311.208823113848,314.35940488110043,317.07993776958233,389.5443556428467,408.64042130699215,421.052640278763,1.2639546180938477,1.985945984869063
2153,310.58035732284577,313.7197960089384,316.44474162876264,389.4483373814769,408.57436256577887,421.05321831942445,1.2748310299977506,2.0158000407057792
2154,310.02823134272717,313.06230356889847,315.77686629929127,389.3611030561465,408.5153429592983,421.06421004792355,1.2634828642879434,2.007126504582695
2155,309.60200997737496,312.6155514674147,315.3057801838526,389.28085739147934,408.4697125019261,421.05935901487805,1.2752497862894046,2.029256164400277
2156,309.21013708050754,312.1742286704877,314.86251879275267,389.19795994613503,408.4247340335959,421.06776045441393,1.2793991435488614,2.019787699568737
2157,308.85755415679927,311.84633188836415,314.50576394311446,389.1161141942011,408.35988135351215,421.0684235944251,1.2661154455278436,2.018946556831843
2158,308.9038820227695,311.89322693654157,314.5657274031965,389.0376934650206,408.28651885933107,421.07318520574694,1.2719811517053463,2.0352608767369746
2159,308.9222136582065,311.9273476001471,314.6052814760424,388.9690497109942,408.209424689328,421.06978684978174,1.260027630875699,2.030514666724203
2160,308.94937417459926,311.95454737836326,314.63409853671646,388.8961090915519,408.14662478196783,421.05561371363166,1.2394744373652378,2.0246004063549488
2161,308.9930567298081,312.00719763098823,314.67972274010776,388.8187570855678,408.0846938983044,421.02944809010364,1.2296278807267764,2.017306188383682
2162,309.0679722693627,312.0825532910606,314.7523725662651,388.74357269122777,408.0248571100566,421.01590328858265,1.225769052162351,2.005787244093066
2163,309.1676083322477,312.19141695562496,314.8591790651676,388.6777412407436,407.976365989255,420.9999049478283,1.2211355241761173,1.9973086560826858
2164,309.2398909567687,312.2620316414223,314.93912740498433,388.60287259870336,407.94566118422074,420.99349503729377,1.2375879235703315,2.0155866913292666
2165,309.23378295545547,312.2564786882802,314.93522534408174,388.5228147236402,407.9007525749252,420.9955481751035,1.2382628942697895,2.0175524406720466
2166,309.18149030131167,312.19521639926955,314.85743036673983,388.4492299655784,407.84772645170153,421.0069684017345,1.2474273672481995,2.023933293045642
2167,309.1602635693247,312.16429303601217,314.82095108343225,388.37787225694615,407.8229711655662,421.0105851646691,1.254278606959493,2.027799607254604
2168,309.0989088200485,312.1350135535085,314.75642588335046,388.3126486885021,407.76996427229176,421.0247391270948,1.2479490481653652,2.035152026333635
2169,309.054466450197,312.1034401230786,314.71850815691147,388.24909364739295,407.7284278843023,421.0569667857741,1.2412332700427888,2.0292853600922056
2170,309.04486940704106,312.07250060847025,314.68340120919777,388.18638461814794,407.71110839575863,421.07938067081983,1.2303023685238434,2.023565858356313
2171,309.01649019026394,312.02636463111736,314.6353517654651,388.11250315384973,407.6998584739012,421.07815401379247,1.2101701714394655,2.0074889779569647
2172,308.9613835059239,311.98638423894323,314.6064216473204,388.03387905173986,407.6643017808917,421.1189142991543,1.211615536447789,2.000251829444587
2173,308.9291870644619,311.952239523276,314.5721439678148,387.9618856506414,407.6225028155798,421.1537978972501,1.2186313804356477,2.0104162065576037
2174,308.93502316050365,311.923320406924,314.5384003520883,387.9016129598408,407.5867438612257,421.18969093010037,1.210505260365846,2.0065385485487646
2175,308.91254767705584,311.88076305002346,314.4957061399402,387.83278787862315,407.5416841104433,421.22612814539445,1.2096888326537976,2.0133275229161587
2176,308.8856462055694,311.8477396452747,314.4624294093988,387.789111989203,407.4953352822406,421.2614225545284,1.221222236482537,2.019836375538801
2177,308.8335422799169,311.80222716808737,314.4321962149497,387.74909911576447,407.4482939263139,421.2990810824855,1.2170855258328228,2.0150490917091974
2178,308.81829379356395,311.75502713775063,314.38886992152516,387.70844150385244,407.40161611386475,421.3350262599712,1.2228592328263157,2.0261297199307697
2179,308.79855383544145,311.7312013602398,314.3270121622761,387.6701860964542,407.35571439837054,421.37030911584736,1.2138433874399,2.0107240121744883
2180,308.7655792358267,311.6882537147985,314.2830116066442,387.63393805480945,407.3107183284725,421.40642697001635,1.216832029400247,2.0131389247202995
2181,308.71618084338303,311.6519648984156,314.22986167569275,387.59697390942586,407.26614360522166,421.4465557301041,1.1974790597905471,2.016528105701426
2182,308.68781876141384,311.5981521548988,314.173508096253,387.5569674331743,407.2222166012664,421.47930487933024,1.1877756637547285,2.0114516948564383
2183,308.64957555770553,311.55294460175446,314.13418527015324,387.5135555238207,407.17873124777145,421.4903158473984,1.186669547480903,1.9929131627841585
2184,308.63246510343345,311.5065674538344,314.0871105891665,387.47446444874794,407.1208464116885,421.51090579215384,1.1799289723943698,2.004038316894666
2185,308.61242290916715,311.4362966583129,314.0371387147924,387.4332087934157,407.0715666081453,421.5275955164405,1.1941397898560437,1.993869737952283
2186,308.5844848533922,311.3691545814208,313.99363850206873,387.39759858872117,407.04494902827713,421.548920508456,1.1798108271178185,2.0062269193300426
2187,308.5452711675648,311.31781597030545,313.94109802966034,387.36369432953967,407.0051513338885,421.55353310159114,1.1731817041689034,1.992925689348589
2188,308.5043036205231,311.2538372840495,313.8683227244291,387.3277862235283,406.96036146731495,421.55523711886997,1.1887036333081844,2.032237447893215
2189,308.46158326478786,311.1939205455144,313.81387539314414,387.29712723726857,406.9175685598312,421.55529193955806,1.1846098692030496,2.0217802270902574
2190,308.4136183748269,311.1317904996381,313.76324452089335,387.25962212097284,406.8491106792189,421.5707149058611,1.188793094345479,2.0250400000761584
2191,308.34245671036064,311.05750876943904,313.69018673485175,387.2069651893652,406.79589656901624,421.582748832471,1.1889742978757583,2.0299462742534096
2192,308.26385962430396,310.9947470643065,313.6020083788355,387.1572744323312,406.7334341705716,421.6065727810942,1.1907807300780817,2.0098311259790798
2193,308.20096418204093,310.9369829231647,313.5354100431272,387.1105906729877,406.70459585735654,421.62401421409,1.1713452117820624,2.005757137668188
2194,308.13180411938384,310.88192356778393,313.4527835543647,387.06468178378094,406.6774435896086,421.6548516912769,1.1801507735003995,2.01557730188178
2195,308.05742148417426,310.79624913431627,313.3614419658459,387.01556617095775,406.6478240601802,421.67967001931714,1.1704841826743448,2.0123609538881295
2196,307.981238478502,310.7257656387532,313.2791757530203,386.96995023109855,406.6217613189919,421.70127522627354,1.17127178545694,2.001984167981359
2197,307.88925230300674,310.6484119854126,313.20028169594207,386.93357046615256,406.593560493582,421.7122244832758,1.1738695361095484,2.0123814401895643
2198,307.8286198987557,310.57209630129745,313.1150261974654,386.91996447496456,406.5654172345691,421.7447285647475,1.168584960118058,2.0145458945212105
2199,307.74385746819155,310.4948190844377,313.021418477644,386.9029600266641,406.5396906797939,421.77811536454055,1.1875267941926235,2.013725642070034
2200,307.6496299724646,310.41883220702977,312.93716488860855,386.88552458290013,406.5173547707398,421.81082450764006,1.1789146818966667,2.0267978489830925
2201,307.5454903344007,310.3323998390896,312.85393988204,386.86889185725994,406.4867393314664,421.8176069355419,1.1814095659248127,2.030746380844871
2202,307.45280548173764,310.2399490371815,312.7815776127951,386.8540062910935,406.4629644521805,421.8396263731265,1.1944079411940867,2.0466438563257494
2203,307.375948291519,310.14680234992034,312.69984430420817,386.8482728604216,406.43972495938164,421.8718224952885,1.1768759761429108,2.019661719047097
2204,307.30349884677366,310.0653227796433,312.62171560539565,386.8479384790414,406.4168700642623,421.8996912287477,1.1661642888109733,2.0136864000199086
2205,307.21211023987746,309.9819815486558,312.53847282268987,386.84714891859704,406.3918399255928,421.9121365475112,1.1512753214117306,2.0240294181857474
2206,307.15309300281524,309.899013950644,312.4566046895439,386.84821985516476,406.37126177188964,421.93718944325985,1.1442114533606607,2.000424385217016
2207,307.06201175761964,309.8233242916713,312.3746074636313,386.85532538553446,406.3540742046092,421.97416581875655,1.1499500524148187,2.0052251771435263
2208,306.98526648537324,309.74479060289104,312.2955143487048,386.8548954930112,406.3302261540548,422.003234106022,1.1511664664740993,2.0093747357788865
2209,306.9227981165522,309.6589402341186,312.19953032962553,386.86323819138073,406.3048178614741,422.04607160561176,1.151582983300057,2.0087326574947513
2210,306.86058634252163,309.59251131178775,312.10417679505434,386.87043908721347,406.2799268012536,422.0724255207518,1.1554523491962159,2.0054458992498647
2211,306.76878459505576,309.50611555338344,312.02184649084677,386.8729954725255,406.25566902936646,422.1076496501905,1.1344374755102455,1.9925707190247055
2212,306.7106280975884,309.4109980276222,311.94935377981744,386.88722840773926,406.2324392142102,422.1402852999912,1.1453482594282403,1.998888443917339
2213,306.65622793837576,309.32216617645423,311.8728321837917,386.8963011055135,406.20986854222406,422.14271445813404,1.1512540840677472,2.0160161849781537
2214,306.5783253346608,309.2263012851477,311.79132193565954,386.90038514482706,406.1880483518232,422.1617555578228,1.147452148051695,2.013060778411847
2215,306.4819488687564,309.15525447481946,311.69084289236633,386.8978103013502,406.16677211674903,422.2084802444999,1.1451590173264115,2.0224943626093004
2216,306.3794266389704,309.05514093618075,311.59624785228124,386.91144921944795,406.14575416386856,422.24977319801724,1.1468536429961507,2.0062278413147006
2217,306.27726828136446,308.9736626703623,311.53595276472777,386.9419721390442,406.12531426874546,422.26157721754316,1.1325681635932037,2.001713302101884
2218,306.1869853905138,308.8936986059776,311.4529818132361,386.9671917355106,406.1049282507282,422.2804630765561,1.1348074191678763,2.0106345191324704
2219,306.12891466674176,308.80891852469875,311.37656167892044,386.9812102686848,406.0820705602154,422.3483036717996,1.1165299468358938,1.9929871707831064
2220,306.0254395175896,308.72419498441513,311.2965091523039,386.98832754353907,406.0659366171874,422.4103341382124,1.115050071617816,2.0026768445237915
2221,305.9249620388158,308.6477358333199,311.24667849002776,386.9795617015603,406.0426201910726,422.47000225399114,1.1129056280866425,2.0076966213649166
2222,305.8393333248772,308.56643356331864,311.1805745277489,386.9798106418582,406.03152384951215,422.50006477007224,1.1207623960271498,2.018615415565072
2223,305.73896316482615,308.47951064654234,311.0987480515983,386.97940107956896,406.01441987133086,422.5402826383595,1.1272637904978364,2.0079516115899634
2224,305.6648657551335,308.3874183057814,311.01799516825594,386.97864905010647,405.99819563208575,422.5734592475037,1.1309676681250131,2.0327740810310764
2225,305.5816992605968,308.305462084928,310.93496925615545,386.97705644258417,405.98199714609734,422.6216362470037,1.1351911313443341,2.0177722117523142
2226,305.5098858990182,308.2346804835006,310.85480125536577,386.97906114370227,405.9662322451816,422.67130794365033,1.128925639011605,2.023016950701134
2227,305.4361485399004,308.15436572063965,310.7606662041232,386.9837442866023,405.9431796865455,422.7133331456706,1.1089849258726818,2.004695836863403
2228,305.3676780688717,308.06357015406405,310.6822702449608,386.98602989630126,405.91830426369495,422.7671814962988,1.1113129015758663,2.0037163746518196
2229,305.28277283497755,307.9715354483774,310.60060991733803,386.98932860382115,405.89014024152345,422.80232961655827,1.0905381742652556,1.9943094276708804
2230,305.18531332957656,307.8902928793958,310.51715079885446,386.9989196674747,405.8700292343026,422.82635281725,1.0865745440761947,1.979753133015633
2231,305.1062033490606,307.79808527607565,310.43909618844623,387.0112012078059,405.8516766454228,422.8449600715233,1.0955799467598037,1.9826899536147697
2232,305.0174114792803,307.7109148704878,310.3565074218792,387.03043820334904,405.82950026524384,422.86315779932016,1.110033017811211,2.0145077618092198
2233,304.9372192432569,307.6332359652405,310.27796005853384,387.0433480733718,405.81375543436036,422.90348834348026,1.0996709069542385,2.009733669043257
2234,304.84382158255556,307.53767209285826,310.21259382953417,387.05752891127327,405.79504730255076,422.9087901892858,1.1122781230909367,2.0113987282502612
2235,304.77662092342285,307.46191439337076,310.1312531568304,387.0714779153714,405.7858392941822,422.9373781521206,1.0951658916553544,1.9980162166003748
2236,304.70783010477624,307.3693602952983,310.05134438031934,387.0963122538821,405.7799277977326,422.96042266634674,1.100095101649525,2.0138603423566366
2237,304.63439288114586,307.2703140076608,309.97453534357635,387.123028910342,405.7712620527042,422.99231384615723,1.0891945159235787,2.0082395026001176
2238,304.5176883572538,307.1859054514345,309.89189172889564,387.1511352231564,405.76662817680887,423.0098227103799,1.0797416167984246,1.9931196739380863
2239,304.4061046715352,307.0980853195229,309.8150817008577,387.163895193127,405.7591912475854,423.0259494414477,1.0841546527658044,1.9944903701052565
2240,304.2847304814426,307.00583545973967,309.7348143712045,387.16378895969694,405.7544147431921,423.0431962338199,1.0705602635814997,1.9922222839440218
2241,304.1807292881173,306.9284983240778,309.66037897001763,387.1740853201399,405.74685080520237,423.0844242556317,1.0738876123989072,1.9750033178509845
2242,304.0904686113637,306.85159257247733,309.580312920396,387.21366673566814,405.726291347261,423.12407919012844,1.068263420020001,1.987415978649944
2243,304.02352423396775,306.76950966191947,309.51467897205436,387.24079457816475,405.71161571621053,423.1637666038232,1.080720622023836,1.9958309909561953
2244,303.9555114272293,306.69830437117446,309.4448722384423,387.2631303440335,405.6920808755202,423.21632886448117,1.0806041309208674,2.004818740313514
2245,303.856996888164,306.60528092289496,309.37912234995474,387.2885410424906,405.6573592176062,423.24562470626745,1.0772948260022124,2.0116089872497795
2246,303.7700755468276,306.5162299183246,309.31284367574557,387.3130420949635,405.6364700901629,423.27222700458424,1.0845264519452422,2.004395817826919
2247,303.68299584872165,306.43658375989673,309.24667619721635,387.3370903923136,405.61454591973086,423.3122755282542,1.0720407540762489,1.9898519164375885
2248,303.60575860621924,306.3602689867833,309.18071622733174,387.35818125412055,405.5974623800586,423.33536602578386,1.0606342418882626,1.9964458596767427
2249,303.539918353911,306.28862417578836,309.10932809474167,387.3917795524883,405.58632715304714,423.3809962122401,1.0521801799194512,1.9972414318473888
2250,303.444730761739,306.2140298463439,309.0374814992133,387.42259130323527,405.56987795440006,423.4096613701562,1.0476201258445388,1.995848016777296
2251,303.36499645489675,306.1247715781851,308.9681863521888,387.4501530389116,405.5683934229854,423.43521750420456,1.0524666690129776,1.9808243344295047
2252,303.29146170483233,306.03833574728594,308.8965848116656,387.4797615238506,405.5725522723752,423.45113946866195,1.0349836173676386,1.9861043119567676
2253,303.199963961252,305.95212000679726,308.8211156960596,387.511423104771,405.57051099762936,423.48579811180184,1.0459740200255065,2.0019604094180594
2254,303.1263021218656,305.8732062928385,308.74617211075827,387.5399043230851,405.57189313588145,423.53717659185924,1.050489758799458,2.0012362472998717
2255,303.0521660829575,305.7922776241602,308.6827775615729,387.56236347801257,405.5742382984579,423.5704617441793,1.0398415597393267,1.9919308081145508
2256,302.9791125084529,305.70236909127846,308.6202069592676,387.60378144145585,405.5757629767363,423.59428859304023,1.0450080488965543,1.989671098723214
2257,302.90151201286074,305.61104070013505,308.5529677744555,387.63310959710265,405.5787630419178,423.62980195741784,1.0453273600546347,1.9941092766832615
2258,302.80918204000534,305.528521727571,308.4810404012734,387.66563257741774,405.58361774807145,423.6563280125066,1.0529398332229192,2.006809998017974
2259,302.70882524851504,305.4417404407406,308.4127330438581,387.69688624949646,405.58861623030833,423.6735164970263,1.041683643698706,1.9799176219643455
2260,302.61505510390214,305.3739424874153,308.34169512146934,387.7225899511997,405.594112715149,423.7033632123905,1.0303442938834513,1.9788652113763774
2261,302.52114163312734,305.2853443123202,308.26256580430567,387.7519464143495,405.6008894675352,423.75225705156106,1.01281647662208,1.9731298345788923
2262,302.43763998540976,305.212873068605,308.1980058372975,387.7861281948374,405.6093530292721,423.78888361997343,1.017667664548473,1.9738256209510072
2263,302.34069245402225,305.10878557726943,308.12754462118824,387.82190004677125,405.61813671769784,423.8233518861308,1.0165893556848562,1.9794584766728398
2264,302.2514940701691,305.0208039146789,308.05643715258,387.8624820829888,405.6249535257097,423.86095538779364,1.0144382291809315,1.9840216570004057
2265,302.16782851633064,304.94492504315787,307.9817658336447,387.89790635958536,405.63258033655563,423.8787714138913,1.0106333973860901,1.9882457902850215
2266,302.07769501095464,304.86631315982686,307.90264675851336,387.93514942324833,405.64302233277334,423.8968081727421,1.0089088415350997,1.9716921809204495
2267,301.98831063285394,304.77236866111446,307.83167290865475,387.9694619953996,405.6534624497791,423.9269531151888,1.0247294728269862,1.9892021896197274
2268,301.89001110872596,304.6807018353463,307.75658657118,388.00627787083715,405.66306470844313,423.97690589603786,1.0249953745167906,2.0042959794503057
2269,301.79479603692494,304.61065011872927,307.6814016371595,388.0414801877661,405.67214334772353,424.0147573364852,1.0232600045715672,1.9882824672470505
2270,301.7115973272698,304.536358129472,307.6101306568938,388.0789057773908,405.6812563881604,424.0386936988751,1.0183186502593442,1.9918443546844498
2271,301.650844310369,304.4647209819042,307.539448088884,388.11770044036444,405.6897117851697,424.06978157322,1.0049586862160123,1.9762525756504183
2272,301.54263508710017,304.38475069813654,307.4663860497882,388.15622460124666,405.6996056177867,424.0977903703367,1.0010831097433335,1.9878630960024322
2273,301.4283908449698,304.3041722970289,307.4004893375144,388.19812929470936,405.7107863980455,424.12199466502466,0.9871794045622939,1.9731999364696375
2274,301.3248056758536,304.2125146291665,307.33276763394207,388.23867347527334,405.72394561457804,424.1441298806993,0.995635307286891,1.9811518681859495
2275,301.2277767330405,304.136467681553,307.257572498587,388.27395977599383,405.7382581566496,424.1733837872084,0.9907874098611053,1.9767126094381526
2276,301.13455752769454,304.06107739609615,307.18577887003977,388.3110747156112,405.7519054018393,424.19466453130156,1.0047294862806557,1.9959986390142401
2277,301.03273442879794,303.9800688680443,307.1120257328553,388.3524361725833,405.7656200367589,424.2026780300353,0.9956056145488072,1.979580444732
2278,300.94048895581994,303.896656324456,307.04419018829844,388.3846835427173,405.77623498499065,424.2410186278147,1.0107177253375552,2.008708334253251
2279,300.83411579206654,303.8134060030262,306.9738634330652,388.4152598473537,405.78890548422953,424.28064825360025,0.9975053372912783,1.9990042445425351
2280,300.7353362058686,303.73011359293423,306.9029886778456,388.4475331675478,405.8011238874623,424.3084369542491,0.9808247481768717,1.9831390496431236
2281,300.6343283598869,303.64735764673577,306.83210359248574,388.4799761726224,405.8134921945891,424.3429444710283,0.9753151623330588,1.9630773614240733
2282,300.53392622815517,303.5646342125797,306.76276404600924,388.5127673675313,405.8292411843234,424.40372512408476,0.9919140272909172,1.9922188230620739
2283,300.4431471372859,303.47811242177573,306.69047327686866,388.545026384483,405.84627039224716,424.45569349702635,0.9812883769098304,1.9738647686561726
2284,300.3591687502633,303.3933468107016,306.6221004098565,388.57870267579534,405.8637376616476,424.4914617629554,0.9801332928499051,1.9743910461947856
2285,300.2764411512232,303.3085056919379,306.55014637044934,388.6131182676117,405.8786935288234,424.5162243074084,0.9777908330047742,1.987400790859774
2286,300.1922485233058,303.229900273314,306.4821858497552,388.64632705562644,405.8974645690263,424.5651897375352,0.9757459973397882,1.983426390156912
2287,300.10825805842916,303.1507655662167,306.41147133475357,388.679969139053,405.9158884450229,424.6170894652985,0.991433510035458,1.9906740788657245
2288,300.0227902342054,303.0735371628514,306.3378661243864,388.7143040386393,405.93329582811947,424.6682288134214,0.9763111956133799,1.9762215759243484
2289,299.92750219074406,302.99272456725726,306.2644400023722,388.7593473726366,405.94837436940105,424.71985654416085,0.9787428400362818,1.9904833837191216
2290,299.8302472381904,302.90138072925674,306.190615881947,388.81059599440323,405.9655612127745,424.7645535907049,0.9723863999601752,1.9759698621875963
2291,299.7385233513833,302.81781832285156,306.1161217510146,388.8619780411831,405.98231359053193,424.8056132595461,0.9632219604009591,1.9644010343494958
2292,299.6493571696068,302.7420989055782,306.0413640385179,388.9138863723741,405.99926140385514,424.84090034662404,0.9644179279473263,1.973999538287092
2293,299.5240696758965,302.6667425250797,305.96995113556454,388.96606911279076,406.0163107004511,424.8737449066839,0.9588702007890848,1.9719931722857187
2294,299.41235506612884,302.57851139138484,305.89649232352696,389.0184769604751,406.0361853618778,424.8959676547181,0.9549964911592722,1.970612084148779
2295,299.33713555257685,302.4910512609546,305.82248310925337,389.07119278598856,406.05688365375556,424.92435753113875,0.9520188517368846,1.9621649606926896
2296,299.2607732158692,302.41263579249556,305.7449846643438,389.1240596238911,406.0773606360846,424.95945191262444,0.9619774083131505,1.9766687692175464
2297,299.18445413746343,302.3366134293375,305.675679294056,389.17720824561695,406.09748415538394,425.0010985200066,0.9746452687552764,1.9963104504583828
2298,299.0925051473295,302.25481837030145,305.6039271528724,389.22592102427916,406.1167281221173,425.030716517128,0.9631900685262147,1.9959851054294506
2299,298.99635610085835,302.1739052971425,305.527309160825,389.2579915944257,406.13976172078253,425.06202144974293,0.9749661413537967,1.9838902397097318
2300,298.9122724011733,302.1010452865145,305.45310296942745,389.29683967367635,406.1616562041712,425.1103065639097,0.962553686208356,1.9872938151070545
