"year","co2_on_ppm","co2_off_ppm","tas_on_c","tas_off_c","rfco2_on_wm2","rfco2_off_wm2","rftot_on_wm2","rftot_off_wm2","target_nonco2_wm2","effective_nonco2_on_wm2","effective_nonco2_off_wm2"
2026,420.98000016937,420.98000016937,1.55367332939309,1.55367332939309,2.3290886137098,2.3290886137098,2.84739177926657,2.84739177926657,0.759072511099512,0.518303165556778,0.518303165556778
2027,423.515584415773,423.515584415773,1.60145702621698,1.60145705146565,2.3633416100353,2.3633416100353,3.10546351243336,3.10546377684297,0.742122960036494,0.742121902398062,0.74212216680767
2028,425.800624653801,425.9115143748,1.64512857697926,1.64527070588711,2.39405300628503,2.39554089838647,3.11844439039264,3.11993255102446,0.724392459376893,0.724391384107604,0.724391652637982
2029,427.792567401043,428.117301964027,1.68214732831597,1.68269283226723,2.42070353116998,2.42504196156541,3.1426400842653,3.14697879146613,0.721937663713184,0.721936553095319,0.721936829900723
2030,429.423623117119,430.060508873648,1.71353562766017,1.71482221019476,2.44243965280929,2.45091730626997,3.15073833157069,3.15921627111141,0.708299828881288,0.708298678761397,0.708298964841442
2031,430.632958977322,431.676860950748,1.74101198300317,1.74342963129554,2.45850221514797,2.47235768285629,3.16259555478394,3.17645131810679,0.704094530185651,0.704093339635976,0.704093635250495
2032,431.395785397607,432.938635591577,1.76558684177506,1.76956308240197,2.46860425593987,2.48903995036502,3.17308448489553,3.1935204845485,0.704481460026085,0.704480228955663,0.704480534183479
2033,431.689926415818,433.820954113317,1.78845982092635,1.79445035477074,2.47247959610418,2.50067210061477,3.18906080418052,3.21725362360253,0.716582479658336,0.716581208076332,0.716581522987761
2034,431.523961836098,434.329800412944,1.81173782933625,1.8202203333646,2.47025335646728,2.5073601038133,3.22235688456923,3.25946395661974,0.752104840289031,0.75210352810195,0.752103852806439
2035,430.924508278192,434.489251621951,1.83648610329356,1.84795595421446,2.4622729881398,2.50943671735821,3.26589168057912,3.31305574445342,0.80362004546661,0.803618692439317,0.803619027095215
2036,429.947112479928,434.352349626538,1.85865800320148,1.87362497642433,2.44925668656284,2.5076059977712,3.27050901650464,3.3288586725201,0.821253724152593,0.821252329941803,0.821252674748905
2037,428.564342303082,433.889178766635,1.87894096824767,1.89792770384591,2.43080849488461,2.50146999012663,3.2833586225615,3.3540204729997,0.852551563508388,0.852550127676888,0.852550482873066
2038,426.78908005191,433.110132586422,1.89394728927329,1.91748821954371,2.40705497887517,2.49115414428439,3.25374272122514,3.33784225249074,0.846689220311639,0.84668774234997,0.846688108206343
2039,424.689987274033,432.072461828169,1.90551510395686,1.93414344296603,2.37886174004145,2.47739727257896,3.23746575992177,3.33600166930166,0.858605540718619,0.858604019880312,0.858604396722698
2040,422.284384550045,430.806229199378,1.91209594075103,1.94636298280669,2.34640541105618,2.46057704289785,3.19317498207079,3.30734700204496,0.846771135021244,0.846769571014613,0.846769959147115
2041,419.653970191797,429.386049547045,1.91367089929054,1.95413959820758,2.31073296919852,2.44166396097686,3.14171708130735,3.27264847282266,0.830985719807586,0.830984112108825,0.830984511845802
2042,416.842614226043,427.870996126193,1.91192692973211,1.95919017013743,2.27239163391621,2.42142924677898,3.09665492779021,3.24569295218697,0.824264945612803,0.824263293874009,0.824263705407994
2043,413.922855612893,426.309265320244,1.90867237366741,1.96332049554294,2.23233256427106,2.40050675004748,3.06203183932387,3.23020644882371,0.829700971357396,0.829699275052808,0.829699698776234
2044,410.951566687291,424.747752261814,1.90520400064828,1.96780846048622,2.19131204671217,2.37952058624283,3.03724706405654,3.22545603989619,0.845936758714056,0.845935017344367,0.845935453653364
2045,408.051567177827,423.203130814397,1.90250786902062,1.97348576303079,2.15102377576578,2.35869520662706,3.0227992895174,3.2304711694585,0.87177730046543,0.871775513751614,0.871775962831442
2046,405.251581729478,421.71283191591,1.90248121828536,1.98212011259106,2.11188523004855,2.33853879322843,3.03058980877507,3.25724383397018,0.918706411000362,0.918704578726517,0.918705040741756
2047,402.55591224206,420.285334226376,1.90385419574939,1.9923546040681,2.07397917832232,2.31917276354106,3.03009796006562,3.27529202039275,0.956120659776941,0.956118781743306,0.956119256851691
2048,399.961860968589,418.920726911071,1.90649265304203,2.00399261185152,2.0372902470035,2.30060551204488,3.0351668759824,3.2984826293782,0.997878552945564,0.997876628978901,0.997877117333316
2049,397.474275768957,417.625773708652,1.90751135283135,2.01410132651712,2.00190938241123,2.28293629325049,3.01300981494627,3.29403722752543,1.01110240256545,1.01110043253504,1.01110093427495
2050,395.08984341003,416.398873266929,1.90418532939454,2.01991870249578,1.96781164680675,2.26615061505277,2.96338339942846,3.26172288292615,0.995573768796892,0.995571752621709,0.995572267873381
2051,392.799714084266,415.232624447788,1.89658654458248,2.02148750777491,1.93489095300623,2.25015400025258,2.90746603380146,3.22272960992111,0.97257714315103,0.972575080795227,0.972575609668525
2052,390.595261683767,414.119962107082,1.88699975363182,2.02106957450812,1.90304131443448,2.23485521296648,2.86493560768244,3.19675004880314,0.961896401802921,0.96189429324796,0.961894835836659
2053,388.473786308747,413.059834084467,1.87660862819569,2.01983037232515,1.87224011689274,2.22024474372474,2.82781901044666,3.17582419366362,0.955581048325422,0.955578893553927,0.955579449938877
2054,386.432186810171,412.050671488171,1.86600506817988,2.01834722076244,1.84245780261424,2.20630562441828,2.79542023539062,3.15926862745005,0.952964633781377,0.952962432776385,0.95296300303177
2055,384.467456174734,411.090769292418,1.85629474620377,2.01771386806017,1.81366503590744,2.19301863044643,2.77476521237512,3.15411939110781,0.961102423718741,0.961100176467675,0.96110076066138
2056,382.577304558816,410.179079463308,1.84938405803853,2.01982685116539,1.78584195441865,2.18037327395259,2.77577278929692,3.17030470702564,0.989933128385774,0.989930834878271,0.989931433073057
2057,380.760878456182,409.315991604081,1.84495445765172,2.02435941734699,1.75898907537974,2.16837874854042,2.7784352212922,3.18782550670966,1.01944848569072,1.01944614591246,1.01944675816925
2058,379.016741234951,408.501228043425,1.84008568520342,2.02838446991691,1.73309772864337,2.15703482676408,2.75819134425053,3.18212906875207,1.02509600166182,1.02509361560716,1.02509424198799
2059,377.340312691421,407.744648619914,1.83514444569843,2.03228106364118,1.70811166679487,2.14648235343858,2.74518140105792,3.1835527284771,1.03707216657199,1.03706973426304,1.03707037503852
2060,375.727232706429,407.01861486537,1.83022735921717,2.0361257091927,1.68397657725765,2.13633944325595,2.73124098791246,3.18360450906634,1.04726688918536,1.04726441065482,1.04726506581039
2061,374.174351507948,406.326831831501,1.82287880365997,2.03744927002021,1.66065517063906,2.12665991385762,2.6920231076181,3.15802852031202,1.03137046169081,1.03136793697903,1.0313686064544
2062,372.676601819814,405.670438681826,1.8132245309507,2.03637683430156,1.63808021621354,2.11746179556508,2.65230256569134,3.13168482887774,1.01422492031242,1.0142223494778,1.01422303331266
2063,371.229037111114,405.045000531058,1.80248637319787,2.03413070365967,1.61618502175537,2.10868497773517,2.618938561821,3.11143921600235,1.00275615696102,1.00275354006563,1.00275423826718
2064,369.828882755723,404.449404688357,1.79177137203957,2.03181913240967,1.59493469465101,2.10031555889379,2.59353290463975,3.09891448146216,0.998600872886258,0.998598209988736,0.998598922568374
2065,368.474828077203,403.883090271133,1.78192530741631,2.03028885573699,1.57431594794507,2.09234723842147,2.57648690581442,3.09451892325193,1.00217366671566,1.00217095786936,1.00217168483046
2066,367.165807144287,403.345891309318,1.77339636469282,2.02998890965278,1.55431883914729,2.08477916274499,2.56593148079951,3.09639254574437,1.01161539639855,1.01161264165222,1.01161338299938
2067,365.918254132376,402.837464299307,1.76857553068391,2.03328538525536,1.53520151797515,2.0776078969111,2.58364349128233,3.12605062732861,1.04844477527795,1.04844197330718,1.0484427304175
2068,364.703487045405,402.358983933229,1.76594412407532,2.0386790503828,1.51653089863873,2.07085132112272,2.59094440573863,3.14526559946811,1.07441635462786,1.0744135070999,1.07441427834539
2069,363.529597440985,401.910830765178,1.76402194243946,2.04470021876673,1.49843591498621,2.06451610268743,2.59133464888305,3.15741562222608,1.09290162717558,1.09289873389684,1.09289951953865
2070,362.395651459558,401.490676002173,1.76053330482774,2.049075200606,1.4809071964266,2.05857057854863,2.57066001240104,3.1483241943791,1.08975575474149,1.08975281597444,1.08975361583047
2071,361.298211395146,401.094992515636,1.75499840741647,2.05132493249249,1.46389635413355,2.05296609629134,2.54392099310077,3.13299154952712,1.08002762332395,1.08002463896722,1.08002545323578
2072,360.233292340436,400.720058145875,1.74725936278776,2.05129242541289,1.44734569812723,2.04765086598356,2.51024282854475,3.11054882478763,1.06290015998239,1.06289713041751,1.06289795880407
2073,359.197746575734,400.363269019169,1.73867586815758,2.05033879390673,1.43120985885145,2.04258871947233,2.48584206137906,3.09722176453467,1.05463527725346,1.05463220252761,1.05463304506233
2074,358.189835022246,400.023366060879,1.7301458157021,2.0493635328062,1.4154649194362,2.03776240054292,2.46696187547093,3.08926021344719,1.05150007605379,1.05149695603473,1.05149781290427
2075,357.209023296077,399.700369438008,1.72175299433319,2.04845208213573,1.40010551441968,2.03317271610705,2.44876939101942,3.08183746396208,1.04866704191759,1.04866387659974,1.04866474785503
2076,356.254575880212,399.394038223995,1.71327536013988,2.04738405858343,1.38512298394248,2.02881674393797,2.42915779904477,3.07285244469678,1.04403802569004,1.04403481510228,1.04403570075882
2077,355.325179102622,399.103508285354,1.70530160593035,2.04674987514974,1.37049940301553,2.02468267841452,2.41619494509247,3.07037912054886,1.04569879789002,1.04569554207694,1.04569644213434
2078,354.419914587839,398.828251576968,1.69868647957356,2.04740595106901,1.35622284462205,2.02076343541871,2.41264905785465,3.07719056310106,1.05642951422575,1.0564262132326,1.05642712768235
2079,353.538734363813,398.568631437494,1.69416918853914,2.05009303436328,1.34229497252459,2.01706456460057,2.41923143649868,3.09400195741098,1.07693981010894,1.07693646397409,1.07693739281041
2080,352.682048968163,398.325451689808,1.69163639687047,2.05469914501614,1.32872466750824,2.01359787182972,2.42885531723847,3.11372946478712,1.10013404097753,1.10013064973023,1.1001315929574
2081,351.849934893718,398.099190147491,1.69015809330121,2.06029555204842,1.3155154505581,2.01037042837841,2.43377604087884,3.12863197633558,1.11826402665449,1.11826059032074,1.11826154795717
2082,351.041375431476,397.889211431301,1.68864974514368,2.06579912662433,1.30265346859348,2.00737354094512,2.43087762723129,3.13559867165565,1.12822764002579,1.12822415863781,1.12822513071053
2083,350.25439586584,397.693904459183,1.68646208290275,2.07056227680094,1.29010940844017,2.00458457633764,2.42199648882845,3.13647264326134,1.1318906067887,1.13188708038828,1.13188806692371
2084,349.48675183993,397.511381481608,1.68228942871514,2.07328129438326,1.27784935413106,2.00197689816094,2.39806352781805,3.12219207286616,1.1202177450529,1.12021417368699,1.12021517470522
2085,348.735621265053,397.339226398683,1.67737246102098,2.07519924975191,1.26582982512903,1.99951627831642,2.38400773850384,3.11769520720376,1.11818152964966,1.11817791337481,1.11817892888734
2086,347.999545470601,397.176233112198,1.67085559482175,2.07546289729068,1.25402884101363,1.99718568055571,2.35671874793622,3.09987661747826,1.10269356806006,1.10268990692259,1.10269093692255
2087,347.288881057622,397.022096797407,1.66385778813356,2.0751765430876,1.24261411445736,1.9949808928351,2.33952054053046,3.09188836406807,1.09691013269958,1.0969064260731,1.09690747123297
2088,346.586803765384,396.875718551503,1.65785909974525,2.07583054567491,1.23131692391548,1.99288635827301,2.33468150859457,3.09625200250109,1.10336833600353,1.10336458467908,1.10336564422808
2089,345.893809562779,396.737935767867,1.65320097138931,2.0777790099213,1.22014593061565,1.99091413357111,2.33443394410966,3.10520322090998,1.11429180941289,1.11428801349401,1.11428908733887
2090,345.214449563321,396.609715694857,1.65053479157498,2.08167638714167,1.20917537116525,1.98907813780889,2.34443994889138,3.12434380367211,1.13526841821823,1.13526457772613,1.13526566586322
2091,344.549321046143,396.491860814696,1.65078396982493,2.08844727789232,1.19841598649914,1.98738993215886,2.36793768910459,3.15691273726356,1.16952558772057,1.16952170260544,1.16952280510471
2092,343.900062125858,396.385808056445,1.65257231829813,2.09671593387689,1.18789545156893,1.98587015635141,2.3826373651567,3.18061318668654,1.1947458431867,1.19474191358777,1.19474303033513
2093,343.266913075603,396.291863498068,1.65563285285563,2.10621564124163,1.17761889995504,1.98452329906348,2.40030555458442,3.20721108470972,1.22269062868011,1.22268665462938,1.22268778564624
2094,342.649063139106,396.209311226368,1.6561640601784,2.1131453555938,1.16757437187281,1.98333923362481,2.38033635784644,3.19610236510326,1.21276600463934,1.21276198597363,1.21276313147845
2095,342.043594760324,396.135174632642,1.65338871374771,2.1167286706828,1.15771547659574,1.98227549994316,2.35158836889794,3.17614955237089,1.19387695562592,1.1938728923022,1.19387405242773
2096,341.446002496658,396.065080391223,1.64843828502665,2.11809874247255,1.14796959582699,1.9812696345706,2.32593583098136,3.15923704451408,1.17797034312645,1.17796623515437,1.17796740994348
2097,340.854357769309,395.997455946511,1.64162094538458,2.11756600236307,1.13830575695492,1.9802991774739,2.29660524402346,3.13859985400579,1.1583036396836,1.15829948706854,1.15830067653189
2098,340.267802897616,395.931696308988,1.63481136657489,2.11700743002743,1.12871031767092,1.97935549055301,2.28284432121758,3.13349069823301,1.15413820080014,1.15413400354666,1.15413520768
2099,339.686536527667,395.868296444329,1.62848835883282,2.11690398539234,1.11918686466179,1.97844566187592,2.27174845864848,3.13100847465101,1.15256583589235,1.15256159398669,1.15256281277509
2100,339.111640948351,395.808505306175,1.62374187496759,2.11834729239308,1.10975351168311,1.97758756801695,2.27384006515981,3.14167535493521,1.16409084005418,1.1640865534767,1.16408778691826
2101,338.544128192515,395.753488907771,1.62188738300292,2.12265406690808,1.10042721864428,1.97679772072091,2.29217275341686,3.16854450359445,1.1917498660529,1.19174553477258,1.19174678287354
2102,337.985969732561,395.705400451486,1.62217211201013,2.12907232304167,1.09124095061344,1.97610695052138,2.30809136299449,3.19295862569527,1.21685478841309,1.21685041238105,1.21685167517389
2103,337.438389248942,395.665476063293,1.62151442994422,2.13452075130597,1.08221552691813,1.97553297540236,2.29836379162862,3.19168251766469,1.21615268554397,1.21614826471049,1.21614954226233
2104,336.899620004326,395.631767855958,1.61954501093652,2.1386303428324,1.07332248799545,1.9750479525617,2.28653763637715,3.18826439332667,1.21321961403903,1.2132151483817,1.21321644076497
2105,336.366997535892,395.601675089147,1.61579296561339,2.14093112042769,1.06451835180138,1.97461468381403,2.26557915520673,3.17567679447393,1.20106531390258,1.20106080340535,1.2010621106599
2106,335.839173334839,395.574002764861,1.60974168462144,2.14090777104866,1.05578117704075,1.97421607704888,2.23565403718271,3.15409025934288,1.17987741549087,1.17987286014196,1.179874182294
2107,335.314223881848,395.546933421187,1.60250953032492,2.13968026483255,1.04707935789132,1.9738261264836,2.21262772665537,3.13937583230032,1.16555296897231,1.16554836876405,1.16554970581672
2108,334.791183671216,395.519716258645,1.59499539823679,2.13814930624944,1.03839702020788,1.97343408706025,2.19459355061416,3.12963196939906,1.15620117549081,1.15619653040628,1.15619788233881
2109,334.270432275948,395.492910306082,1.5882365442189,2.1373537684782,1.02974057151817,1.97304795976965,2.18634414403396,3.12965289907599,1.15660826250236,1.15660357251579,1.15660493930634
2110,333.752927547722,395.467614905666,1.58256698342073,2.13762890589571,1.02112608631864,1.97268348183244,2.18251147599024,3.13407025313567,1.1613901245961,1.1613853896716,1.16138677130323
2111,333.239731008065,395.444951236685,1.57912441471542,2.14011321561855,1.01257145704712,1.97235670641394,2.19340436823818,3.15319101407836,1.1808376910955,1.18083291119107,1.18083430766442
2112,332.732173294704,395.426356246568,1.57953835775878,2.14643666566435,1.00409916822843,1.97208820984433,2.22509290424961,3.19308335719852,1.22099856096167,1.22099373602117,1.22099514735419
2113,332.23278533552,395.414528257898,1.57933832710127,2.15212875740872,0.995751898381453,1.97191662866165,2.2169954395,3.19316159603305,1.2212484111772,1.22124354111855,1.2212449673714
2114,331.741055433483,395.408601294046,1.57813960386152,2.15680434582833,0.987521597757637,1.97182957216422,2.21064134724938,3.19495076293872,1.22312466472223,1.22311974949174,1.22312119077451
2115,331.254053900609,395.405598905785,1.5733574702262,2.15787896191985,0.979359619590463,1.97178443091264,2.17281403919768,3.16524030688548,1.19345938004584,1.19345441960721,1.19345587597284
2116,330.76913409946,395.402804195785,1.56772132362159,2.1580828469856,0.971221807192519,1.9717423087441,2.15908031093287,3.15960228396999,1.18786350939757,1.18785850374035,1.18785997522589
2117,330.284561588403,395.398813529763,1.56028211122388,2.15646853953889,0.963079105609848,1.97168310998731,2.12791519127347,3.13652068222557,1.16484113656275,1.16483608566362,1.16483757223825
2118,329.800444975825,395.393817474778,1.55196045266647,2.15395809631436,0.954933333922993,1.97160956216049,2.10539260622194,3.12207033611202,1.15046436846151,1.15045927229894,1.15046077395153
2119,329.315972625886,395.387088584317,1.54377704051238,2.1515736171818,0.946770807920077,1.97151124958856,2.08970381547206,3.11444577381998,1.1429381489969,1.14293300755198,1.14293452423142
2120,328.831968202369,395.379589949799,1.5361694025775,2.14975376618573,0.938605374354524,1.97140195966205,2.07839515768757,3.11119327465251,1.13979497008626,1.13978978333304,1.13979131499045
2121,328.349329062019,395.372255618526,1.53105674723304,2.15041847014426,0.930452199196181,1.97129506467285,2.08863516472137,3.12947957679479,1.15818819761687,1.15818296552519,1.15818451212194
2122,327.869870192423,395.367059294291,1.52894561590726,2.15407459206723,0.922342059340158,1.97121882313613,2.10753152813092,3.15640985343743,1.18519474626786,1.18518946879076,1.1851910303013
2123,327.396080769602,395.36653726484,1.52970960527157,2.16059541173616,0.914317318662272,1.97120954935456,2.13233271287221,3.18922652002885,1.21802071714659,1.21801539420994,1.21801697067429
2124,326.929721631869,395.372402415315,1.52746584182192,2.16409723544965,0.906408200633866,1.97129176715058,2.10233455767732,3.16721971570213,1.19593172552786,1.19592635704346,1.19592794855155
2125,326.468189792444,395.381502555335,1.52443411504566,2.16679907797291,0.898570936863429,1.97142034223305,2.09704715024473,3.16989816228393,1.19848162745788,1.19847621338131,1.19847782005087
2126,326.008252610501,395.390789801028,1.51831883402365,2.1664058560949,0.890750819259492,1.97155163550886,2.05931459527751,3.14011703335042,1.16856923570764,1.16856377601802,1.16856539784156
2127,325.548793943613,395.399140788769,1.50987934712339,2.16367778278351,0.882928910753519,1.97166956381883,2.02723793798507,3.115980228043,1.14431453254607,1.14430902723155,1.14431066422418
2128,325.087414195399,395.404256827913,1.50082216513334,2.16032281170748,0.875064287960837,1.97174121883468,2.00512771288088,3.1018062958361,1.13006897584447,1.13006342492004,1.13006507700142
2129,324.624538899473,395.406833166762,1.4916336455377,2.15682878582087,0.867164062574673,1.97177655527093,1.9850669540598,3.08968111382338,1.11790848800833,1.11790289148513,1.11790455855245
2130,324.161095488593,395.407869730066,1.4834399886276,2.15432292808791,0.859243964668399,1.97178988864573,1.97689937936579,3.0894469852982,1.11766105680916,1.11765541469739,1.11765709665247
2131,323.698210883455,395.408572716605,1.47784143843331,2.15440605931562,0.851323221056189,1.97179848699935,1.98666579737404,3.10714276006401,1.13534826401416,1.13534257631785,1.13534427306466
2132,323.238181059096,395.411368359037,1.47750003199851,2.15974021852353,0.843441199633403,1.97183708425476,2.0287816304782,3.15717922658326,1.1853461641498,1.18534043084479,1.1853421423285
2133,322.78473955496,395.42021998656,1.4771640099064,2.16507290652443,0.835662146483775,1.97196241786899,2.02486966945723,3.16117166709442,1.18921330197283,1.18920752297345,1.18920924922543
2134,322.338293857336,395.434996693875,1.47619526409379,2.16976450791878,0.827993466663148,1.97217260824216,2.02316935861555,3.16735024138705,1.19518171675091,1.1951758919524,1.19517763314489
2135,321.895704564687,395.452359494594,1.47269013147952,2.17191068830912,0.820381561271319,1.9724198499495,1.99781907267352,3.14985911755297,1.17744338204933,1.1774375114022,1.17743926760347
2136,321.454809695406,395.470073570772,1.46594058258927,2.17080354299196,0.812789401303398,1.97267214883399,1.96179242908362,3.12167694787714,1.14900894430489,1.14900302778022,1.14900479904315
2137,321.012587026631,395.485114770586,1.4563389199397,2.1668363827349,0.805164933078798,1.97288621741474,1.92218544639659,3.08990851700814,1.11702647569765,1.11702051331779,1.11702229959341
2138,320.567272071123,395.495870040245,1.44634145866715,2.16246712076948,0.797477567142286,1.97303897120369,1.90101664961051,3.07657985482256,1.10354509064052,1.10353908246822,1.10354088361886
2139,320.119273253559,395.503063667505,1.43646506409995,2.1582142546542,0.78973413826705,1.9731407812224,1.88121576674929,3.0646242255333,1.09148768237305,1.09148162848224,1.0914834443109
2140,319.670145472164,395.508347788164,1.42713135552767,2.15450037763749,0.781961367426141,1.97321529661086,1.86700520528782,3.05826096481902,1.08504993741624,1.08504383786168,1.08504566820816
2141,319.220746742756,395.51255104306,1.41887346060825,2.15185903016163,0.774174028314919,1.97327437822378,1.85954555924853,3.05864775386121,1.08537767609223,1.08537153093361,1.08537337563742
2142,318.772162888964,395.516758523078,1.41309111257691,2.15168993851818,0.766390924825426,1.97333355672659,1.86902882570175,3.07597331651758,1.10264409158143,1.10263790087633,1.10263975979099
2143,318.326184841883,395.522864562292,1.40954013965762,2.15374853744202,0.758643213338982,1.97341994436852,1.88003312338032,3.09481172743245,1.12139614626799,1.12138991004133,1.12139178306392
2144,317.884563789571,395.532588758079,1.40606971491887,2.15588311452478,0.750961516225009,1.97355815079038,1.8747321673653,3.09733068906407,1.12377693292219,1.12377065114029,1.12377253827369
2145,317.446846312537,395.5452070588,1.40222424032604,2.15763709396881,0.743338190420198,1.97373780985497,1.86768673832382,3.09808825905447,1.12435487528388,1.12434854790362,1.1243504491995
2146,317.0116006756,395.559206477073,1.39736310657592,2.15836942517995,0.735748482918025,1.97393726503296,1.852469754772,3.09066045234075,1.11672764483787,1.11672127185397,1.11672318730779
2147,316.577789239626,395.573545201811,1.39042988966152,2.15702371948699,0.728174400848818,1.97414160505782,1.82449307848621,3.07046221228182,1.09632509621468,1.0963186776374,1.096320607224
2148,316.14372286215,395.586466885012,1.38339297926318,2.15556885119819,0.720586465892508,1.97432569527028,1.81346048926546,3.06720166228057,1.0928804874924,1.09287402337295,1.09287596701029
2149,315.70904429487,395.597859210451,1.37538080721759,2.15313412045488,0.712978378332028,1.97448792992888,1.78965766525555,3.05116917435754,1.07668579648588,1.07667928692352,1.07668124442867
2150,315.274126695451,395.608087030407,1.36699959478527,2.15032634042966,0.705356614571385,1.97463353136119,1.77243917877697,3.04171806680029,1.06708911912823,1.06708256420558,1.06708453543909
2151,314.838554564788,395.616747061051,1.35875871409722,2.14765544381584,0.697713837062246,1.97475672971794,1.75838245822859,3.03542733563123,1.06067522131981,1.06066862116635,1.06067060591328
2152,314.402918839859,395.624498672388,1.35112215799495,2.14558579767707,0.690060363513252,1.97486696105561,1.74939458909935,3.03420318469888,1.05934087084962,1.0593342255861,1.05933622364327
2153,313.967920428574,395.632075150035,1.34563911678931,2.14566669826678,0.682408499153542,1.97497471828209,1.75771084231853,3.05027907262503,1.07530903342719,1.07530234316499,1.07530435434294
2154,313.535139321235,395.641215683857,1.34389744915301,2.14948579138488,0.674786103325749,1.97510488662073,1.78566384946744,3.08598465691085,1.11088448132666,1.11087774614169,1.11087977029012
2155,313.309550634214,395.6549071966,1.34439430937882,2.15519884840102,0.67080902762709,1.97530020182283,1.80487962731627,3.10937283527318,1.13407737647821,1.13407059968918,1.13407263345035
2156,313.132786795717,395.674179412188,1.3438754977717,2.15950407231612,0.667690875803904,1.97557539039117,1.79787977208025,3.10576632967121,1.13019571425983,1.13018889627634,1.13019093928004
2157,313.048016242892,395.696370813839,1.34201286936355,2.16201663528872,0.666194851495451,1.97589236403076,1.78868992833584,3.0983894920207,1.1225019348565,1.12249507684039,1.12249712798994
2158,313.409858658434,395.718604896393,1.33898120853629,2.16224546998542,0.672577123804055,1.97620996486621,1.77676550242803,3.0804003955166,1.10419526939373,1.10418837862397,1.1041904306504
2159,313.77295285344,395.739013219839,1.33410360450341,2.15965580145429,0.678974766113726,1.97650146378609,1.75448402996612,3.05201278105293,1.07551618790719,1.0755092638524,1.07551131726684
2160,314.152156513373,395.755759508664,1.32820525292365,2.15529438094552,0.6856491020322,1.97674059647408,1.7374684020071,3.02856195133302,1.05182625745559,1.0518192999749,1.05182135485894
2161,314.549267459815,395.768068324441,1.32275143793736,2.15075746730592,0.692630807888881,1.9769162763515,1.73187536905235,3.01616289363021,1.03925155194421,1.03924456116347,1.03924661727871
2162,314.966590437731,395.776956421076,1.31895286588233,2.14734111664194,0.699959271133346,1.97704305231207,1.73840353039567,3.01548936860418,1.03845128316014,1.03844425926233,1.03844631629211
2163,315.406000442445,395.784290274624,1.3181566355293,2.14645170312615,0.707666100367415,1.97714762511273,1.76186236574518,3.03134594813827,1.05420332222015,1.05419626537776,1.05419832302553
2164,315.814506618029,395.792519560898,1.32177431601437,2.14963598771426,0.714822178214566,1.9772650351353,1.8055965778583,3.06804149380304,1.09078149028778,1.09077439964374,1.09077645866774
2165,316.131469748487,395.804888289484,1.32850182262609,2.15581263173483,0.720368839775837,1.97744168164645,1.84420819151371,3.1012830957639,1.12384647821611,1.12383935173787,1.12384141411745
2166,316.388204857918,395.823647446682,1.33272861028808,2.15950473046125,0.724857844246606,1.97770975474478,1.83337106047215,3.08622503827099,1.1085203800692,1.10851321622555,1.10851528352621
2167,316.668207882492,395.84557434973,1.33601968828704,2.16222325646544,0.729749942549666,1.97802315202593,1.8401255152111,3.0884007969386,1.11038277379803,1.11037557266143,1.11037764491267
2168,316.935593724367,395.867492290995,1.33553240529389,2.16111981908037,0.734417946849081,1.97833643570043,1.80925063850819,3.05317120491242,1.07483993045523,1.07483269165911,1.07483476921199
2169,317.188851646072,395.887273048983,1.33227002503042,2.15721085455229,0.738836023434887,1.97861917064264,1.78510336540605,3.02488859585074,1.04627461880003,1.04626734197116,1.0462694252081
2170,317.425210071178,395.902214141054,1.32790692801089,2.15218369175756,0.742956412528115,1.97883271478306,1.76872832189403,3.00460671318271,1.02577922444205,1.02577190936592,1.02577399839965
2171,317.645212784629,395.912889440925,1.32367587817904,2.14728282396142,0.746789185753556,1.97898528114372,1.76113256930984,2.99333075958841,1.01435073707475,1.01434338355629,1.01434547844469
2172,317.850332659683,395.920609353573,1.32019113471043,2.14313234414091,0.750360520162587,1.97909561216074,1.75941541962876,2.98815261242355,1.00906229162262,1.00905489946618,1.00905700026281
2173,318.042317709594,395.926782370538,1.31853990878546,2.14082730465274,0.753701282614728,1.97918385041432,1.77076424307421,2.99624891766808,1.01707039146746,1.01706296045948,1.01706506725376
2174,318.223222914123,395.933109683144,1.32030964754962,2.14196120898099,0.756847581620331,1.97927432231553,1.80184644092229,3.02427529453801,1.04500632939662,1.04499885930195,1.04500097222247
2175,318.396032948824,395.942289001583,1.32363287361692,2.14467098167688,0.759851587685543,1.97940560197303,1.81949991194758,3.03905604551589,1.0596558337489,1.05964832426204,1.05965044354286
2176,318.562422656137,395.955336230532,1.32773630529549,2.14818623641172,0.762742603404792,1.97959221257998,1.8360045508896,3.05285628611694,1.07326949675913,1.07326194748481,1.07326407353696
2177,318.722102471145,395.971344298753,1.33101321187761,2.1509025111248,0.765515760957404,1.97982117981283,1.83725728720628,3.05156483926261,1.07174911566853,1.07174152624887,1.07174365944979
2178,318.874389153656,395.989052467185,1.33181323522315,2.151171416895,0.768159362462022,1.98007447363428,1.82107318553213,3.0329904374231,1.05292145296977,1.05291382307011,1.05291596378882
2179,319.017171171116,396.005753254198,1.32968199285508,2.1485406117494,0.770636944202139,1.98031338251338,1.79569414873132,3.00537273553459,1.02506487515811,1.02505720452918,1.02505935302121
2180,319.148376312859,396.018947720229,1.32632440705999,2.14471729322547,0.772912771818937,1.98050218194123,1.78117147037629,2.98876303685573,1.00826641006143,1.00825869855736,1.0082608549145
2181,319.267755824053,396.02822090268,1.32225493370498,2.14021813739936,0.774982757912377,1.9806349437495,1.76656441525465,2.97221876527252,0.991589409799582,0.991581657342272,0.99158382152302
2182,319.376348260663,396.034333994751,1.31783193715004,2.135403060802,0.776865110167464,1.980722553202,1.75439625371753,2.95825586872054,0.977538937043231,0.977531143550062,0.977533315518545
2183,319.474909115256,396.037653454116,1.31364519780049,2.1308626899874,0.778573091193006,1.98077025075616,1.74750806474271,2.94970740399964,0.968942808139518,0.968934973549704,0.968937153243478
2184,319.56447163218,396.038851835696,1.30999265828579,2.12689520612537,0.780124744196033,1.98078765181653,1.74392570392346,2.94459079885867,0.963808835430632,0.963800959727427,0.963803147042142
2185,319.640464719137,396.038887875192,1.30736072503934,2.12399641520212,0.781441027806224,1.98078846234852,1.7467831826147,2.94613281213181,0.965350071768784,0.965342154808479,0.965344349783287
2186,319.704965817354,396.038834054252,1.30617897234015,2.12260295064575,0.782558063835723,1.98078801418599,1.75608254702198,2.95431470004992,0.973532441536815,0.973524483186256,0.973526685863928
2187,319.759739079519,396.0397331153,1.30846407462481,2.12473509132866,0.783506502109006,1.98080121399112,1.78953354459634,2.98683046696676,1.00603504240271,1.00602704248734,1.00602925297564
2188,319.807558714888,396.043895567636,1.3107317580755,2.1269100183866,0.78433444127665,1.9808610918841,1.79161726124043,2.98814613034386,1.00729086169128,1.00728281996378,1.00728503845976
2189,319.849394378896,396.051355922946,1.31289220298049,2.12903771010695,0.785058712437515,1.98096813974809,1.79868952064541,2.99460117486413,1.01363889209299,1.0136308082079,1.01363303511605
2190,319.883890277466,396.060062454407,1.31485376471663,2.13102604296811,0.785655889290135,1.98109302532758,1.802454961493,2.99789433308559,1.01680719847349,1.01679907220287,1.01680130775801
2191,319.91119903875,396.06972064085,1.31391739105363,2.1301753214626,0.786128650062948,1.98123153725791,1.77756202890999,2.97266716054254,0.991441547730849,0.99143337884704,0.991435623284629
2192,319.929680837914,396.077950062522,1.31078456043162,2.12718627854606,0.78644864876189,1.9813496473875,1.75696354872954,2.95186680086861,0.970523111643698,0.970514899967647,0.970517153481111
2193,319.937451738808,396.08245629778,1.30661156190471,2.12321487285145,0.786583311228385,1.9814145591723,1.74094454121779,2.93577805170571,0.954369484492134,0.954361229989403,0.954363492533409
2194,319.935155391832,396.083683795094,1.30257166556383,2.11943396539782,0.786543786744502,1.9814326271285,1.73375967996289,2.92865079181776,0.947224190554305,0.947215893218393,0.947218164689262
2195,319.92451668717,396.083152432231,1.29893207532375,2.11610985045698,0.786359918919777,1.98142557727577,1.72865539108067,2.92372332968221,0.942303812295594,0.942295472160888,0.942297752406441
2196,319.906838283073,396.081792012446,1.29678716085825,2.1143354353402,0.786054236621783,1.98140670040202,1.73637177154532,2.93172652422704,0.95032591783499,0.950317534923537,0.950319823825021
2197,319.883484735952,396.08064370711,1.2977386462273,2.1157105882502,0.785650336180313,1.9813908792863,1.76298564937444,2.95872848995206,0.977343738886381,0.977335313194131,0.977337610665757
2198,319.85703811415,396.082091716674,1.30089821504223,2.11934465334642,0.785192886262709,1.98141219481727,1.78570818042933,2.98192979508582,1.00052376275486,1.00051529416662,1.00051760026854
2199,319.829447903823,396.087655694273,1.30492323763212,2.12389210567867,0.784715617426276,1.98149236894328,1.80141323039233,2.99819229691089,1.01670612469119,1.01669761296605,1.01669992796761
2200,319.800714064655,396.096816231942,1.30669578993101,2.12623210138102,0.784218524218047,1.98162397490961,1.78762231512174,2.98503009002439,1.00341234601375,1.00340379090369,1.00340611511479
2201,319.768715358518,396.106809684454,1.30596798399088,2.12611430978814,0.783664880061184,1.98176750675929,1.76971885100495,2.96782381140206,0.986062569639085,0.986053970943768,0.986056304642772
2202,319.73063869046,396.11449512293,1.30251294782332,2.12331044029584,0.783005965565596,1.98187806885462,1.74222381386175,2.94109826037426,0.959226490625365,0.959217848296158,0.95922019151964
2203,319.685045272799,396.118256674315,1.29830730936676,2.11979635074183,0.782216833076399,1.98193256644383,1.72945800463791,2.92917609067225,0.947249857504076,0.947241171561506,0.947243524228423
2204,319.631922052998,396.118091088038,1.29382697667439,2.11604744043675,0.781297205855078,1.98193095423862,1.71696798176879,2.91760409203848,0.93567950537588,0.935670775913714,0.935673137799858
2205,319.572573309255,396.115194631441,1.28847650980099,2.11146738527805,0.78026961632572,1.98189033078496,1.69822222943974,2.89984531481442,0.917961386019007,0.917952613114024,0.917954984029461
2206,319.507200316206,396.109435368521,1.28332086395338,2.10711989907704,0.779137496747222,1.98180880925314,1.68994662894686,2.89262032115417,0.91081794840767,0.910809132199639,0.910811511901031
2207,319.436250097761,396.101099070471,1.27819071936935,2.10283433802176,0.777908534753321,1.98169047263765,1.67882304954972,2.88260737556441,0.900923374077938,0.900914514796395,0.900916902926762
2208,319.360621090195,396.090874709996,1.27425331053442,2.09977638347792,0.776598243006872,1.98154516703366,1.68112880140681,2.88607812171159,0.904539460572918,0.904530558399937,0.904532954677931
2209,319.281319261069,396.079663627346,1.27245538467374,2.09889112450787,0.775224007921959,1.98138577472999,1.69442765657869,2.90059182751346,0.919212593528446,0.919203648656727,0.919206052783474
2210,319.200361744719,396.069434713498,1.27276981060264,2.10014949129455,0.7738207622676,1.98124043977754,1.71174235636068,2.91916444570254,0.937930581587726,0.937921594093079,0.937924005925
2211,319.119384440319,396.061655656305,1.27372616687182,2.10207880901011,0.772416858118398,1.98113014394735,1.71893972036106,2.92765542577431,0.946531892421172,0.946522862242662,0.946525281826953
2212,319.038586087378,396.056194658727,1.2739583700579,2.10331068626703,0.771015742578383,1.98105300484699,1.71527717472779,2.92531686447605,0.944270505119998,0.944261432149404,0.944263859629059
2213,318.956713480872,396.051468436804,1.27317655087665,2.10355335414136,0.769595672618099,1.98098638966584,1.7079512094657,2.91934436197806,0.938364652668102,0.938355536847604,0.93835797231222
2214,318.8725157936,396.046073791809,1.27025001895088,2.10167482825778,0.768134926095352,1.98091023884542,1.68603533181132,2.8988130879915,0.917909564370651,0.917900405715966,0.917902849146079
2215,318.784601445571,396.038426311209,1.26656341048706,2.09905891072272,0.766609315985391,1.98080190114704,1.67512711911467,2.88932215557284,0.908527004542381,0.908517803129275,0.908520254425802
2216,318.692288222153,396.027875657014,1.26100483594495,2.09459330654005,0.765006947210429,1.98065207726305,1.64818394440603,2.86383153324767,0.883186241087472,0.8831769971956,0.883179455984615
2217,318.595354966872,396.014046690276,1.25466567910522,2.08936894467767,0.763323917852079,1.98045540075397,1.63094059283573,2.84807454160845,0.867625961020245,0.86761667498365,0.867619140854481
2218,318.493305814354,395.996321475555,1.24892536379138,2.0847648170481,0.761551545716516,1.98020303220244,1.6242839452154,2.84293790295419,0.8627417261173,0.86273239949888,0.862734870751749
2219,318.387528926985,395.976094532019,1.24418358864431,2.08117986959177,0.759713878604043,1.97991490362843,1.62213732021225,2.84234082026382,0.862432807335438,0.862423441608203,0.862425916635391
2220,318.279536707005,395.954755575045,1.24148303448292,2.07965551417333,0.757837150551451,1.97961088112116,1.63349515487352,2.85527136284322,0.875667407857366,0.87565800432207,0.87566048172206
2221,318.170977727404,395.933882005597,1.24212490474915,2.08149130285158,0.755949994793886,1.97931351810738,1.66196434875521,2.88533035057544,0.906023794115944,0.906014353961327,0.90601683246806
2222,318.064353473468,395.91599073977,1.24386865913498,2.08444463291184,0.754095916733361,1.97905880725506,1.6732843635103,2.89824973275541,0.919197922686792,0.919188446776935,0.919190925500355
2223,317.960552048152,395.901630627941,1.24740842411717,2.08920722024417,0.752290400297324,1.97885460238249,1.69814785433039,2.92471453480319,0.945866965072067,0.945857454033071,0.945859932420697
2224,317.859408447338,395.890526011108,1.24834863989467,2.0913814485435,0.750530616648453,1.97869696613621,1.67851761850804,2.90668644545444,0.927996547383845,0.92798700185959,0.927989479318227
2225,317.759214750545,395.880498488929,1.24613555647336,2.09041184048894,0.7487868692481,1.97855474842904,1.65375420729901,2.88352456259174,0.904976917516831,0.904967338050907,0.904969814162698
2226,317.656041655729,395.867360727681,1.24162870081382,2.08715735989053,0.746990739798713,1.97836806511976,1.62886759058998,2.86024738987698,0.881886463405202,0.881876850791272,0.881879324757215
2227,317.548577580449,395.849926818233,1.23493463696161,2.08172478635573,0.745119332545854,1.97811995108332,1.59850343745411,2.83150652686525,0.853393749804881,0.853384104908257,0.85338657578193
2228,317.436197055186,395.827569270918,1.22813773137747,2.07619883672451,0.743161678125818,1.97780142400568,1.58528328205272,2.81992549467023,0.842131280180433,0.842121603926898,0.842124070664553
2229,317.319491694639,395.801017015962,1.22159688331005,2.07093863481133,0.741128006837331,1.97742289945203,1.57283777798381,2.80913513154811,0.831719477274434,0.831709771146482,0.831712232096087
2230,317.200012388863,395.771733554322,1.21679068691249,2.0674223067137,0.73904528807382,1.97700530135638,1.577428258288,2.8153907252459,0.838392704798936,0.838382970214182,0.838385423889526
2231,317.079332065417,395.741288613913,1.21502439228352,2.06695413892885,0.736940910864526,1.97657107778251,1.59788884386544,2.83752145550667,0.860957694404205,0.860947933000918,0.860950377724154
2232,316.960104186035,395.712414325293,1.21508097238162,2.06831559961238,0.734861157631765,1.97615931262336,1.61166914319579,2.85296973279226,0.876817772584834,0.876807985564026,0.8768104201689
2233,316.843771754784,395.686367904745,1.21495865453064,2.06950296730022,0.732831243497431,1.9757879976231,1.61105424407721,2.85401342250105,0.878232812892493,0.878223000579782,0.878225424877951
2234,316.72939182436,395.66187134799,1.21479281889245,2.07064985246118,0.73083475249084,1.97543885388258,1.61356195633653,2.85816847153776,0.88273704109419,0.882727203845692,0.882729617655178
2235,316.615885447315,395.637787468141,1.21294608948694,2.07011774432208,0.728852870672645,1.97509561299627,1.59744556591784,2.84369071126687,0.868602556993733,0.86859269524519,0.868595098270602
2236,316.502072589536,395.612805595441,1.20950817619658,2.06799567385087,0.726864992981707,1.97473952042731,1.58076297413989,2.8286398935572,0.853907866984697,0.853897981158185,0.853900373129891
2237,316.386289669794,395.585210598977,1.20336048682784,2.0631649333977,0.724842035273996,1.97434602923887,1.5475465098378,2.79705288408023,0.822714383741684,0.822704474563803,0.822706854841357
2238,316.267136251742,395.553491268333,1.1968333084434,2.05795600184397,0.722759475509799,1.97389350435429,1.5343663595631,2.78550275501546,0.811616814539732,0.811606884053303,0.811609250661167
2239,316.144324850351,395.517532711335,1.19074959949827,2.05319227473407,0.720612223997723,1.97338028851284,1.52504720508703,2.7778175430225,0.804444853385585,0.804434981089309,0.804437254509662
2240,316.021183298979,395.47915678776,1.18522093558535,2.04898259165825,0.718458442164201,1.97283244511232,1.51827804439459,2.77265423472544,0.799829423465872,0.79981960223039,0.799821789613122
2241,315.898247167325,395.439231875875,1.18141662185553,2.04649391589564,0.716307497753452,1.97226239619089,1.52538796834392,2.78134497174237,0.809090244329526,0.809080470590471,0.809082575551477
2242,315.776572924341,395.399152306584,1.18121685578605,2.04760492829308,0.714177892735712,1.97169009781066,1.55470715030342,2.81222138085208,0.840538986670453,0.84052925756771,0.840531283041424
2243,315.65808654888,395.361822970155,1.18325150989219,2.05094509214642,0.712103385221404,1.97115714120193,1.57584221026735,2.83489791476382,0.863748511910636,0.863738825045949,0.863740773561891
2244,315.54397730585,395.328936295792,1.18476114596415,2.05375503936503,0.710104869775324,1.97068776999606,1.57598309856262,2.83656787282963,0.865887875652195,0.8658782287873,0.865880102833568
2245,315.432896056921,395.298730353899,1.18459452329374,2.05488338346514,0.708158774587396,1.97025676759688,1.56581720377891,2.82791699874866,0.857668038160362,0.857658429191514,0.857660231151774
2246,315.322385254039,395.268549231593,1.18160897660951,2.05318771979765,0.706222062089495,1.96982610680264,1.53988092522915,2.80348670183132,0.833668436009041,0.833658863139655,0.833660595028687
2247,315.210119483746,395.235981244405,1.17615293159934,2.04901729311716,0.704253956823822,1.96936124762409,1.5120855703311,2.77719452464941,0.807841151813034,0.807831613507277,0.807833277025322
2248,315.094273653094,395.199246355156,1.17021423788643,2.04436123471157,0.702222408064469,1.96883668670905,1.49827389219317,2.76488976727708,0.796060989083562,0.7960514841287,0.796053080568028
2249,314.976414039971,395.158877385975,1.16335004506265,2.03877581522084,0.700154841254073,1.96826004144398,1.47616121263959,2.74426794460615,0.776015845331312,0.776006371385514,0.776007903162172
2250,314.85729962821,395.115529945317,1.15670762646149,2.03340690261674,0.698064544842892,1.96764068960486,1.4658551980138,2.73543281209321,0.767800097616567,0.767790653170903,0.767792122488353
2251,314.737551546534,395.069603159418,1.1502323590175,2.02819829748144,0.695962393973796,1.96698430869282,1.45378267284597,2.72480599648262,0.75782969527571,0.757820278872173,0.757821687789798
2252,314.617637220937,395.022022834108,1.14417299866363,2.02339797376092,0.693856588684378,1.9663041530814,1.44578162456828,2.71823053947105,0.751934425630408,0.751925035883906,0.751926386389647
2253,314.497892744026,394.973157255175,1.13955499407045,2.0200308039502,0.6917530322051,1.96560549294101,1.44924811430894,2.72310186902841,0.757504446507287,0.757495082103837,0.757496376087405
2254,314.379194765807,394.924241741099,1.1369145238864,2.01863268892303,0.689667139373398,1.96490602691376,1.46047902250277,2.7357191493201,0.77082122344338,0.770811883129372,0.770813122406343
2255,314.262506839661,394.876952492813,1.13625686070462,2.01920935809767,0.687615874434986,1.9642297808107,1.47608947695231,2.75270456967667,0.788482919936814,0.78847360251732,0.78847478886597
2256,314.148454630286,394.832526106956,1.13533196247385,2.01951181614649,0.685610279774399,1.96359448880464,1.47282616074085,2.75081150493472,0.787225176624857,0.787215880966449,0.787217016130082
2257,314.036340629462,394.790215648993,1.13452814469927,2.01992935958121,0.683638125978198,1.96298945502166,1.47613848625298,2.75549090089163,0.79250963514661,0.792500360274784,0.792501445869971
2258,313.925121529791,394.74888684141,1.1327671758044,2.01938466438645,0.681681079598347,1.96239842534545,1.46645285144516,2.74717123457014,0.784781026715407,0.784771771846814,0.784772809224683
2259,313.814215322715,394.707908226136,1.12870854209295,2.01653802117922,0.679728906562304,1.96181234932697,1.44223604104157,2.72432047478786,0.762516370605707,0.762507134479263,0.762508125460882
2260,313.702237511568,394.66514077837,1.12364460689825,2.0126818051927,0.677757223540835,1.96120055404401,1.42746143604917,2.71090571250017,0.749713430754582,0.74970421250834,0.749705158456166
2261,313.589024989332,394.619760087774,1.11696407027999,2.00720376922935,0.675763137644159,1.96055120857935,1.40145521239513,2.686244185478,0.725701275951394,0.725692074750975,0.725692976898646
2262,313.474255253531,394.571569469381,1.10979289039162,2.00122931493774,0.673740942311702,1.95986148037007,1.38528400659592,2.67140540417934,0.711552249228222,0.711543064284214,0.711543923809266
2263,313.358228347367,394.520404873688,1.10363451597736,1.99626082785408,0.671695900332851,1.95912900305271,1.38186923677465,2.66930315747131,0.710182505884279,0.710173336441794,0.710174154418599
2264,313.24216399439,394.467938626437,1.09880009122681,1.99260876031125,0.66964950339589,1.95837775448747,1.38276196553853,2.67149099410139,0.713121616813859,0.713112462142641,0.713113239613923
2265,313.127040919501,394.415797870275,1.09625350977029,1.99123711640676,0.667619019733351,1.95763107518347,1.39724215365106,2.68725494711088,0.729632274513726,0.729623133917712,0.729623871927413
2266,313.014004873122,394.365609417329,1.0966232826395,1.99277486370841,0.665624688678073,1.95691231182699,1.42234555544324,2.71363387817206,0.756729993952479,0.75672086676517,0.756721566345076
2267,312.904258252694,394.319472362833,1.09861787623485,1.99593166747655,0.663687775841532,1.95625159945099,1.44014356601872,2.73270805183352,0.776464904595345,0.776455790177184,0.776456452382532
2268,312.798497314576,394.27806664855,1.10196047068943,2.00043147544185,0.661820633413919,1.95565871547766,1.46069217373971,2.75453088183967,0.798880642699619,0.798871540325791,0.798872166362004
2269,312.696564190843,394.241118024386,1.1015687795948,2.00119238242492,0.660020536977515,1.95512974243166,1.43042952069638,2.72553931722676,0.770418074782074,0.770408983718863,0.770409574795105
2270,312.595570465429,394.205184923892,1.0982566832004,1.99902869030149,0.65823650250346,1.95461529189894,1.40714205477627,2.70352140155599,0.748914632779978,0.748905552272807,0.748906109657048
2271,312.491644705407,394.166169136663,1.09273573580227,1.99465322451187,0.656400108049246,1.95405653154765,1.38043962129659,2.67809656888388,0.724048583285528,0.724039513247348,0.724040037336231
2272,312.384091029687,394.12358916805,1.08634073236753,1.98940241824503,0.654499001094185,1.95344653647832,1.36228966639814,2.66123769279088,0.707799724844728,0.707790665303959,0.707791156312559
2273,312.2739956284,394.077689899656,1.07934616781068,1.98355057796371,0.652552334191932,1.95278880836641,1.34337082159409,2.64360775457191,0.690827537139067,0.690818487402156,0.690818946205498
2274,312.162621702731,394.029197788734,1.07359649971466,1.97894062958129,0.650582415216669,1.95209376513814,1.34299280757569,2.64450458469057,0.692419432704787,0.692410392359023,0.692410819552435
2275,312.051253845307,393.979531159464,1.07016373602795,1.97664308304233,0.648611959138838,1.95138176552684,1.35438543495792,2.65715563750011,0.705782507182178,0.705773475819086,0.705773871973271
2276,311.941488142179,393.931247234871,1.06913969707099,1.97674947143937,0.646669225567389,1.95068953647393,1.37171663006118,2.67573730669753,0.725056427272991,0.72504740449379,0.725047770223599
2277,311.834359566028,393.886157023357,1.06960155795281,1.9783376474738,0.644772572037339,1.95004310092382,1.38531000783385,2.69058087268461,0.740546450371125,0.740537435796516,0.7405377717608
2278,311.73017480605,393.844799943312,1.0694966673051,1.97935578297554,0.642927475480029,1.94945022280393,1.38211412197953,2.68863717620387,0.739195653238542,0.739186646499499,0.739186953399936
2279,311.627874034757,393.805785934064,1.06815683870402,1.97913619298754,0.641115200986065,1.9488909445103,1.37295234741342,2.68072836953025,0.731846145736291,0.731837146427356,0.731837425019954
2280,311.5256596812,393.767109395255,1.06532824305764,1.97742567869312,0.639303912320122,1.9483364555819,1.35801511004842,2.66704790407985,0.718720189801223,0.718711197728297,0.71871144849795
2281,311.422301683529,393.727498156612,1.06048730216654,1.97370152917228,0.637471798433415,1.94776847527959,1.33412547148944,2.64442237157172,0.696662657942997,0.696653673056022,0.696653896292137
2282,311.317283668051,393.685631798724,1.05487913246714,1.96920863757739,0.635609681205891,1.94716802280544,1.31923710639417,2.6307956443422,0.683636403343641,0.683627425188278,0.683627621536756
2283,311.210921233629,393.64122315793,1.04960425662093,1.965046275531,0.63372313303595,1.94653096145127,1.31210736396289,2.6249153622001,0.678393202588949,0.678384230926944,0.678384400748831
2284,311.104077393674,393.595478170603,1.04476802910882,1.96131893816311,0.631827449032281,1.94587461576397,1.30609113035091,2.62013844074365,0.674272646731883,0.674263681318633,0.674263824979675
2285,310.997339156965,393.549328364178,1.04144046326422,1.95909635844385,0.62993304295514,1.94521237206691,1.31282187946696,2.6281013264582,0.682897795910425,0.682888836511817,0.682888954391284
2286,310.89165825055,393.503958397053,1.04120898989972,1.95996582007296,0.628056819003978,1.94456126173877,1.33824225915968,2.65474679437259,0.710194393769913,0.710185440155699,0.710185532633817
2287,310.788695562267,393.461883618013,1.04376404447952,1.96361826872075,0.62622830076849,1.94395745771828,1.36579250046403,2.68352172491616,0.739573147761139,0.739564199695539,0.739564267197884
2288,310.689958657185,393.425148099688,1.04648819216873,1.96743699549367,0.62447432199533,1.94343036874662,1.37338616979065,2.69234225975104,0.748920790714219,0.748911847795316,0.748911891004423
2289,310.59492759871,393.392877815697,1.04792357195062,1.96996437689566,0.62278570540034,1.942967444093,1.36940398319215,2.68958574172606,0.746627216146004,0.746618277791812,0.746618297633059
2290,310.501400175411,393.362516408514,1.04477119293866,1.96790175588964,0.621123349634561,1.94253193075292,1.32836706527714,2.64977564352778,0.707252649793581,0.707243715642581,0.707243712774867
2291,310.405814708519,393.330048975794,1.04072727897216,1.9649461911437,0.619423930870216,1.94206608542019,1.319468803718,2.64211093305861,0.700053802913253,0.700044872847781,0.700044847638417
2292,310.306614432763,393.294080611809,1.03575140605154,1.96105871155539,0.617659722386361,1.94154983591574,1.30085287508167,2.62474294059758,0.683202078165428,0.683193152695304,0.683193104681844
2293,310.205038511548,393.25614910285,1.0300017283507,1.95639869358734,0.61585271982887,1.94100529286257,1.28403011415033,2.6091826162132,0.668186314949896,0.668177394321463,0.668177323350626
2294,310.102180340131,393.215947673914,1.02407676231933,1.95156328954658,0.614022348944853,1.94042803534344,1.27135404208519,2.59775963496964,0.657340609277423,0.657331693140334,0.6573315996262
2295,309.998520172821,393.173921340454,1.01950211257169,1.9480765072362,0.612177140485425,1.93982445776421,1.27387800296702,2.60152520438214,0.661709774261798,0.661700862481591,0.661700746617934
2296,309.8952331249,393.131542965824,1.01845601114623,1.94811546986466,0.61033801236713,1.93921574754143,1.30061870701245,2.62949630417617,0.690289602210243,0.690280694645316,0.690280556634748
2297,309.794474739775,393.091973658204,1.01944767159032,1.95018927626854,0.608543376508161,1.93864739651893,1.31755882633474,2.64766268644986,0.709024353333344,0.70901544982658,0.709015289930923
2298,309.697228265417,393.056988046521,1.0224564555628,1.95427808259205,0.606810796519727,1.93814495726991,1.34218179842831,2.6735157779158,0.735379901646943,0.735371001908583,0.735370820645893
2299,309.603777694863,393.026684848553,1.02453745552238,1.95743732578778,0.605145388636945,1.93770986646139,1.33951746387797,2.67208173965758,0.734380971555204,0.734372075241021,0.734371873196196
2300,309.513077623615,392.999725000352,1.02346142491362,1.95743785494364,0.603528566669089,1.93732286292652,1.31550388875549,2.64929796300526,0.711984215497297,0.711975322086399,0.711975100078743
